DATAFLOW,LAST UPDATE,freq,crops,strucpro,geo,TIME_PERIOD,OBS_VALUE,OBS_FLAG
ESTAT:TAG00122(1.0),13/03/24 23:00:00,A,O1100,PR_HU_EU,AL,2014,23.10,
ESTAT:TAG00122(1.0),13/03/24 23:00:00,A,O1100,PR_HU_EU,AL,2015,20.90,
ESTAT:TAG00122(1.0),13/03/24 23:00:00,A,O1100,PR_HU_EU,AL,2016,20.50,
ESTAT:TAG00122(1.0),13/03/24 23:00:00,A,O1100,PR_HU_EU,AL,2017,20.10,
ESTAT:TAG00122(1.0),13/03/24 23:00:00,A,O1100,PR_HU_EU,AL,2018,24.20,
ESTAT:TAG00122(1.0),13/03/24 23:00:00,A,O1100,PR_HU_EU,AL,2019,10.90,
ESTAT:TAG00122(1.0),13/03/24 23:00:00,A,O1100,PR_HU_EU,AL,2020,23.50,
ESTAT:TAG00122(1.0),13/03/24 23:00:00,A,O1100,PR_HU_EU,AL,2021,13.70,
ESTAT:TAG00122(1.0),13/03/24 23:00:00,A,O1100,PR_HU_EU,AL,2022,28.80,
ESTAT:TAG00122(1.0),13/03/24 23:00:00,A,O1100,PR_HU_EU,AT,2013,0.00,
ESTAT:TAG00122(1.0),13/03/24 23:00:00,A,O1100,PR_HU_EU,AT,2014,0.00,
ESTAT:TAG00122(1.0),13/03/24 23:00:00,A,O1100,PR_HU_EU,AT,2015,0.00,
ESTAT:TAG00122(1.0),13/03/24 23:00:00,A,O1100,PR_HU_EU,AT,2016,0.00,
ESTAT:TAG00122(1.0),13/03/24 23:00:00,A,O1100,PR_HU_EU,AT,2017,0.00,
ESTAT:TAG00122(1.0),13/03/24 23:00:00,A,O1100,PR_HU_EU,AT,2018,0.00,
ESTAT:TAG00122(1.0),13/03/24 23:00:00,A,O1100,PR_HU_EU,AT,2019,0.00,
ESTAT:TAG00122(1.0),13/03/24 23:00:00,A,O1100,PR_HU_EU,AT,2020,0.00,
ESTAT:TAG00122(1.0),13/03/24 23:00:00,A,O1100,PR_HU_EU,AT,2021,0.00,
ESTAT:TAG00122(1.0),13/03/24 23:00:00,A,O1100,PR_HU_EU,AT,2022,0.00,
ESTAT:TAG00122(1.0),13/03/24 23:00:00,A,O1100,PR_HU_EU,AT,2023,0.00,
ESTAT:TAG00122(1.0),13/03/24 23:00:00,A,O1100,PR_HU_EU,AT,2024,0.00,
ESTAT:TAG00122(1.0),13/03/24 23:00:00,A,O1100,PR_HU_EU,BA,2013,0.34,e
ESTAT:TAG00122(1.0),13/03/24 23:00:00,A,O1100,PR_HU_EU,BA,2014,0.19,e
ESTAT:TAG00122(1.0),13/03/24 23:00:00,A,O1100,PR_HU_EU,BA,2015,0.30,e
ESTAT:TAG00122(1.0),13/03/24 23:00:00,A,O1100,PR_HU_EU,BA,2016,0.36,e
ESTAT:TAG00122(1.0),13/03/24 23:00:00,A,O1100,PR_HU_EU,BA,2017,0.28,e
ESTAT:TAG00122(1.0),13/03/24 23:00:00,A,O1100,PR_HU_EU,BA,2018,0.61,e
ESTAT:TAG00122(1.0),13/03/24 23:00:00,A,O1100,PR_HU_EU,BA,2019,0.78,e
ESTAT:TAG00122(1.0),13/03/24 23:00:00,A,O1100,PR_HU_EU,BA,2020,0.99,e
ESTAT:TAG00122(1.0),13/03/24 23:00:00,A,O1100,PR_HU_EU,BA,2021,0.84,e
ESTAT:TAG00122(1.0),13/03/24 23:00:00,A,O1100,PR_HU_EU,BA,2022,0.58,b
ESTAT:TAG00122(1.0),13/03/24 23:00:00,A,O1100,PR_HU_EU,BE,2013,0.00,
ESTAT:TAG00122(1.0),13/03/24 23:00:00,A,O1100,PR_HU_EU,BE,2014,0.00,
ESTAT:TAG00122(1.0),13/03/24 23:00:00,A,O1100,PR_HU_EU,BE,2015,0.00,
ESTAT:TAG00122(1.0),13/03/24 23:00:00,A,O1100,PR_HU_EU,BE,2016,0.00,
ESTAT:TAG00122(1.0),13/03/24 23:00:00,A,O1100,PR_HU_EU,BE,2017,0.00,
ESTAT:TAG00122(1.0),13/03/24 23:00:00,A,O1100,PR_HU_EU,BE,2018,0.00,
ESTAT:TAG00122(1.0),13/03/24 23:00:00,A,O1100,PR_HU_EU,BE,2019,0.00,
ESTAT:TAG00122(1.0),13/03/24 23:00:00,A,O1100,PR_HU_EU,BE,2020,0.00,
ESTAT:TAG00122(1.0),13/03/24 23:00:00,A,O1100,PR_HU_EU,BE,2021,0.00,
ESTAT:TAG00122(1.0),13/03/24 23:00:00,A,O1100,PR_HU_EU,BE,2022,0.00,
ESTAT:TAG00122(1.0),13/03/24 23:00:00,A,O1100,PR_HU_EU,BE,2023,0.00,
ESTAT:TAG00122(1.0),13/03/24 23:00:00,A,O1100,PR_HU_EU,BE,2024,0.00,
ESTAT:TAG00122(1.0),13/03/24 23:00:00,A,O1100,PR_HU_EU,BG,2013,0.00,
ESTAT:TAG00122(1.0),13/03/24 23:00:00,A,O1100,PR_HU_EU,BG,2014,0.00,
ESTAT:TAG00122(1.0),13/03/24 23:00:00,A,O1100,PR_HU_EU,BG,2015,0.00,
ESTAT:TAG00122(1.0),13/03/24 23:00:00,A,O1100,PR_HU_EU,BG,2016,0.00,
ESTAT:TAG00122(1.0),13/03/24 23:00:00,A,O1100,PR_HU_EU,BG,2017,0.00,
ESTAT:TAG00122(1.0),13/03/24 23:00:00,A,O1100,PR_HU_EU,BG,2018,0.00,
ESTAT:TAG00122(1.0),13/03/24 23:00:00,A,O1100,PR_HU_EU,BG,2019,0.00,
ESTAT:TAG00122(1.0),13/03/24 23:00:00,A,O1100,PR_HU_EU,BG,2020,0.00,
ESTAT:TAG00122(1.0),13/03/24 23:00:00,A,O1100,PR_HU_EU,BG,2021,0.00,
ESTAT:TAG00122(1.0),13/03/24 23:00:00,A,O1100,PR_HU_EU,BG,2022,0.00,
ESTAT:TAG00122(1.0),13/03/24 23:00:00,A,O1100,PR_HU_EU,BG,2023,0.00,
ESTAT:TAG00122(1.0),13/03/24 23:00:00,A,O1100,PR_HU_EU,BG,2024,0.00,
ESTAT:TAG00122(1.0),13/03/24 23:00:00,A,O1100,PR_HU_EU,CH,2014,0.00,
ESTAT:TAG00122(1.0),13/03/24 23:00:00,A,O1100,PR_HU_EU,CH,2015,0.00,
ESTAT:TAG00122(1.0),13/03/24 23:00:00,A,O1100,PR_HU_EU,CH,2016,0.00,
ESTAT:TAG00122(1.0),13/03/24 23:00:00,A,O1100,PR_HU_EU,CH,2017,0.00,
ESTAT:TAG00122(1.0),13/03/24 23:00:00,A,O1100,PR_HU_EU,CH,2018,0.00,
ESTAT:TAG00122(1.0),13/03/24 23:00:00,A,O1100,PR_HU_EU,CH,2019,0.00,
ESTAT:TAG00122(1.0),13/03/24 23:00:00,A,O1100,PR_HU_EU,CH,2021,0.00,
ESTAT:TAG00122(1.0),13/03/24 23:00:00,A,O1100,PR_HU_EU,CH,2022,0.00,
ESTAT:TAG00122(1.0),13/03/24 23:00:00,A,O1100,PR_HU_EU,CY,2013,2.97,
ESTAT:TAG00122(1.0),13/03/24 23:00:00,A,O1100,PR_HU_EU,CY,2014,3.50,
ESTAT:TAG00122(1.0),13/03/24 23:00:00,A,O1100,PR_HU_EU,CY,2015,2.10,
ESTAT:TAG00122(1.0),13/03/24 23:00:00,A,O1100,PR_HU_EU,CY,2016,1.05,
ESTAT:TAG00122(1.0),13/03/24 23:00:00,A,O1100,PR_HU_EU,CY,2017,3.03,
ESTAT:TAG00122(1.0),13/03/24 23:00:00,A,O1100,PR_HU_EU,CY,2018,4.05,
ESTAT:TAG00122(1.0),13/03/24 23:00:00,A,O1100,PR_HU_EU,CY,2019,3.20,
ESTAT:TAG00122(1.0),13/03/24 23:00:00,A,O1100,PR_HU_EU,CY,2020,1.40,
ESTAT:TAG00122(1.0),13/03/24 23:00:00,A,O1100,PR_HU_EU,CY,2021,0.60,
ESTAT:TAG00122(1.0),13/03/24 23:00:00,A,O1100,PR_HU_EU,CY,2022,2.76,p
ESTAT:TAG00122(1.0),13/03/24 23:00:00,A,O1100,PR_HU_EU,CZ,2013,0.00,
ESTAT:TAG00122(1.0),13/03/24 23:00:00,A,O1100,PR_HU_EU,CZ,2014,0.00,
ESTAT:TAG00122(1.0),13/03/24 23:00:00,A,O1100,PR_HU_EU,CZ,2015,0.00,
ESTAT:TAG00122(1.0),13/03/24 23:00:00,A,O1100,PR_HU_EU,CZ,2016,0.00,
ESTAT:TAG00122(1.0),13/03/24 23:00:00,A,O1100,PR_HU_EU,CZ,2017,0.00,
ESTAT:TAG00122(1.0),13/03/24 23:00:00,A,O1100,PR_HU_EU,CZ,2018,0.00,
ESTAT:TAG00122(1.0),13/03/24 23:00:00,A,O1100,PR_HU_EU,CZ,2019,0.00,
ESTAT:TAG00122(1.0),13/03/24 23:00:00,A,O1100,PR_HU_EU,CZ,2020,0.00,
ESTAT:TAG00122(1.0),13/03/24 23:00:00,A,O1100,PR_HU_EU,CZ,2021,0.00,
ESTAT:TAG00122(1.0),13/03/24 23:00:00,A,O1100,PR_HU_EU,CZ,2022,0.00,
ESTAT:TAG00122(1.0),13/03/24 23:00:00,A,O1100,PR_HU_EU,CZ,2023,0.00,
ESTAT:TAG00122(1.0),13/03/24 23:00:00,A,O1100,PR_HU_EU,CZ,2024,0.00,
ESTAT:TAG00122(1.0),13/03/24 23:00:00,A,O1100,PR_HU_EU,DE,2013,0.00,
ESTAT:TAG00122(1.0),13/03/24 23:00:00,A,O1100,PR_HU_EU,DE,2014,0.00,
ESTAT:TAG00122(1.0),13/03/24 23:00:00,A,O1100,PR_HU_EU,DE,2015,0.00,
ESTAT:TAG00122(1.0),13/03/24 23:00:00,A,O1100,PR_HU_EU,DE,2016,0.00,
ESTAT:TAG00122(1.0),13/03/24 23:00:00,A,O1100,PR_HU_EU,DE,2017,0.00,
ESTAT:TAG00122(1.0),13/03/24 23:00:00,A,O1100,PR_HU_EU,DE,2018,0.00,
ESTAT:TAG00122(1.0),13/03/24 23:00:00,A,O1100,PR_HU_EU,DE,2019,0.00,
ESTAT:TAG00122(1.0),13/03/24 23:00:00,A,O1100,PR_HU_EU,DE,2020,0.00,
ESTAT:TAG00122(1.0),13/03/24 23:00:00,A,O1100,PR_HU_EU,DE,2021,0.00,
ESTAT:TAG00122(1.0),13/03/24 23:00:00,A,O1100,PR_HU_EU,DE,2022,0.00,
ESTAT:TAG00122(1.0),13/03/24 23:00:00,A,O1100,PR_HU_EU,DE,2023,0.00,
ESTAT:TAG00122(1.0),13/03/24 23:00:00,A,O1100,PR_HU_EU,DE,2024,0.00,
ESTAT:TAG00122(1.0),13/03/24 23:00:00,A,O1100,PR_HU_EU,DK,2013,0.00,
ESTAT:TAG00122(1.0),13/03/24 23:00:00,A,O1100,PR_HU_EU,DK,2014,0.00,
ESTAT:TAG00122(1.0),13/03/24 23:00:00,A,O1100,PR_HU_EU,DK,2015,0.00,
ESTAT:TAG00122(1.0),13/03/24 23:00:00,A,O1100,PR_HU_EU,DK,2016,0.00,
ESTAT:TAG00122(1.0),13/03/24 23:00:00,A,O1100,PR_HU_EU,DK,2017,0.00,
ESTAT:TAG00122(1.0),13/03/24 23:00:00,A,O1100,PR_HU_EU,DK,2018,0.00,
ESTAT:TAG00122(1.0),13/03/24 23:00:00,A,O1100,PR_HU_EU,DK,2019,0.00,
ESTAT:TAG00122(1.0),13/03/24 23:00:00,A,O1100,PR_HU_EU,DK,2020,0.00,
ESTAT:TAG00122(1.0),13/03/24 23:00:00,A,O1100,PR_HU_EU,DK,2021,0.00,
ESTAT:TAG00122(1.0),13/03/24 23:00:00,A,O1100,PR_HU_EU,DK,2022,0.00,
ESTAT:TAG00122(1.0),13/03/24 23:00:00,A,O1100,PR_HU_EU,DK,2023,0.00,
ESTAT:TAG00122(1.0),13/03/24 23:00:00,A,O1100,PR_HU_EU,DK,2024,0.00,
ESTAT:TAG00122(1.0),13/03/24 23:00:00,A,O1100,PR_HU_EU,EE,2013,0.00,
ESTAT:TAG00122(1.0),13/03/24 23:00:00,A,O1100,PR_HU_EU,EE,2014,0.00,
ESTAT:TAG00122(1.0),13/03/24 23:00:00,A,O1100,PR_HU_EU,EE,2015,0.00,
ESTAT:TAG00122(1.0),13/03/24 23:00:00,A,O1100,PR_HU_EU,EE,2016,0.00,
ESTAT:TAG00122(1.0),13/03/24 23:00:00,A,O1100,PR_HU_EU,EE,2017,0.00,
ESTAT:TAG00122(1.0),13/03/24 23:00:00,A,O1100,PR_HU_EU,EE,2018,0.00,
ESTAT:TAG00122(1.0),13/03/24 23:00:00,A,O1100,PR_HU_EU,EE,2019,0.00,
ESTAT:TAG00122(1.0),13/03/24 23:00:00,A,O1100,PR_HU_EU,EE,2020,0.00,
ESTAT:TAG00122(1.0),13/03/24 23:00:00,A,O1100,PR_HU_EU,EE,2021,0.00,
ESTAT:TAG00122(1.0),13/03/24 23:00:00,A,O1100,PR_HU_EU,EE,2022,0.00,
ESTAT:TAG00122(1.0),13/03/24 23:00:00,A,O1100,PR_HU_EU,EE,2023,0.00,
ESTAT:TAG00122(1.0),13/03/24 23:00:00,A,O1100,PR_HU_EU,EE,2024,0.00,
ESTAT:TAG00122(1.0),13/03/24 23:00:00,A,O1100,PR_HU_EU,EL,2013,221.65,
ESTAT:TAG00122(1.0),13/03/24 23:00:00,A,O1100,PR_HU_EU,EL,2014,245.71,
ESTAT:TAG00122(1.0),13/03/24 23:00:00,A,O1100,PR_HU_EU,EL,2015,319.57,
ESTAT:TAG00122(1.0),13/03/24 23:00:00,A,O1100,PR_HU_EU,EL,2016,271.00,
ESTAT:TAG00122(1.0),13/03/24 23:00:00,A,O1100,PR_HU_EU,EL,2017,279.95,
ESTAT:TAG00122(1.0),13/03/24 23:00:00,A,O1100,PR_HU_EU,EL,2018,252.37,
ESTAT:TAG00122(1.0),13/03/24 23:00:00,A,O1100,PR_HU_EU,EL,2019,275.80,
ESTAT:TAG00122(1.0),13/03/24 23:00:00,A,O1100,PR_HU_EU,EL,2020,336.01,
ESTAT:TAG00122(1.0),13/03/24 23:00:00,A,O1100,PR_HU_EU,EL,2021,234.89,
ESTAT:TAG00122(1.0),13/03/24 23:00:00,A,O1100,PR_HU_EU,EL,2022,262.88,
ESTAT:TAG00122(1.0),13/03/24 23:00:00,A,O1100,PR_HU_EU,ES,2013,483.71,
ESTAT:TAG00122(1.0),13/03/24 23:00:00,A,O1100,PR_HU_EU,ES,2014,434.81,
ESTAT:TAG00122(1.0),13/03/24 23:00:00,A,O1100,PR_HU_EU,ES,2015,540.48,
ESTAT:TAG00122(1.0),13/03/24 23:00:00,A,O1100,PR_HU_EU,ES,2016,511.12,
ESTAT:TAG00122(1.0),13/03/24 23:00:00,A,O1100,PR_HU_EU,ES,2017,505.05,
ESTAT:TAG00122(1.0),13/03/24 23:00:00,A,O1100,PR_HU_EU,ES,2018,555.03,
ESTAT:TAG00122(1.0),13/03/24 23:00:00,A,O1100,PR_HU_EU,ES,2019,323.02,
ESTAT:TAG00122(1.0),13/03/24 23:00:00,A,O1100,PR_HU_EU,ES,2020,387.13,
ESTAT:TAG00122(1.0),13/03/24 23:00:00,A,O1100,PR_HU_EU,ES,2021,573.67,
ESTAT:TAG00122(1.0),13/03/24 23:00:00,A,O1100,PR_HU_EU,ES,2022,262.28,
ESTAT:TAG00122(1.0),13/03/24 23:00:00,A,O1100,PR_HU_EU,EU27_2020,2013,814.31,
ESTAT:TAG00122(1.0),13/03/24 23:00:00,A,O1100,PR_HU_EU,EU27_2020,2014,761.99,
ESTAT:TAG00122(1.0),13/03/24 23:00:00,A,O1100,PR_HU_EU,EU27_2020,2020,826.43,
ESTAT:TAG00122(1.0),13/03/24 23:00:00,A,O1100,PR_HU_EU,EU27_2020,2021,924.81,
ESTAT:TAG00122(1.0),13/03/24 23:00:00,A,O1100,PR_HU_EU,EU27_2020,2022,631.96,
ESTAT:TAG00122(1.0),13/03/24 23:00:00,A,O1100,PR_HU_EU,FI,2013,0.00,
ESTAT:TAG00122(1.0),13/03/24 23:00:00,A,O1100,PR_HU_EU,FI,2014,0.00,
ESTAT:TAG00122(1.0),13/03/24 23:00:00,A,O1100,PR_HU_EU,FI,2015,0.00,
ESTAT:TAG00122(1.0),13/03/24 23:00:00,A,O1100,PR_HU_EU,FI,2016,0.00,
ESTAT:TAG00122(1.0),13/03/24 23:00:00,A,O1100,PR_HU_EU,FI,2017,0.00,
ESTAT:TAG00122(1.0),13/03/24 23:00:00,A,O1100,PR_HU_EU,FI,2018,0.00,
ESTAT:TAG00122(1.0),13/03/24 23:00:00,A,O1100,PR_HU_EU,FI,2019,0.00,
ESTAT:TAG00122(1.0),13/03/24 23:00:00,A,O1100,PR_HU_EU,FI,2020,0.00,
ESTAT:TAG00122(1.0),13/03/24 23:00:00,A,O1100,PR_HU_EU,FI,2021,0.00,
ESTAT:TAG00122(1.0),13/03/24 23:00:00,A,O1100,PR_HU_EU,FI,2022,0.00,
ESTAT:TAG00122(1.0),13/03/24 23:00:00,A,O1100,PR_HU_EU,FI,2023,0.00,
ESTAT:TAG00122(1.0),13/03/24 23:00:00,A,O1100,PR_HU_EU,FI,2024,0.00,
ESTAT:TAG00122(1.0),13/03/24 23:00:00,A,O1100,PR_HU_EU,FR,2013,0.53,e
ESTAT:TAG00122(1.0),13/03/24 23:00:00,A,O1100,PR_HU_EU,FR,2014,0.27,e
ESTAT:TAG00122(1.0),13/03/24 23:00:00,A,O1100,PR_HU_EU,FR,2015,0.51,e
ESTAT:TAG00122(1.0),13/03/24 23:00:00,A,O1100,PR_HU_EU,FR,2016,0.29,e
ESTAT:TAG00122(1.0),13/03/24 23:00:00,A,O1100,PR_HU_EU,FR,2017,0.19,e
ESTAT:TAG00122(1.0),13/03/24 23:00:00,A,O1100,PR_HU_EU,FR,2018,0.48,e
ESTAT:TAG00122(1.0),13/03/24 23:00:00,A,O1100,PR_HU_EU,FR,2019,0.40,e
ESTAT:TAG00122(1.0),13/03/24 23:00:00,A,O1100,PR_HU_EU,FR,2020,0.71,
ESTAT:TAG00122(1.0),13/03/24 23:00:00,A,O1100,PR_HU_EU,FR,2021,0.84,
ESTAT:TAG00122(1.0),13/03/24 23:00:00,A,O1100,PR_HU_EU,FR,2022,0.50,e
ESTAT:TAG00122(1.0),13/03/24 23:00:00,A,O1100,PR_HU_EU,HR,2013,0.00,n
ESTAT:TAG00122(1.0),13/03/24 23:00:00,A,O1100,PR_HU_EU,HR,2014,0.00,n
ESTAT:TAG00122(1.0),13/03/24 23:00:00,A,O1100,PR_HU_EU,HR,2015,0.00,n
ESTAT:TAG00122(1.0),13/03/24 23:00:00,A,O1100,PR_HU_EU,HR,2016,0.00,n
ESTAT:TAG00122(1.0),13/03/24 23:00:00,A,O1100,PR_HU_EU,HR,2017,0.00,n
ESTAT:TAG00122(1.0),13/03/24 23:00:00,A,O1100,PR_HU_EU,HR,2018,0.00,n
ESTAT:TAG00122(1.0),13/03/24 23:00:00,A,O1100,PR_HU_EU,HR,2019,0.00,n
ESTAT:TAG00122(1.0),13/03/24 23:00:00,A,O1100,PR_HU_EU,HR,2020,0.00,n
ESTAT:TAG00122(1.0),13/03/24 23:00:00,A,O1100,PR_HU_EU,HR,2021,0.00,n
ESTAT:TAG00122(1.0),13/03/24 23:00:00,A,O1100,PR_HU_EU,HR,2022,0.00,n
ESTAT:TAG00122(1.0),13/03/24 23:00:00,A,O1100,PR_HU_EU,HR,2023,0.00,n
ESTAT:TAG00122(1.0),13/03/24 23:00:00,A,O1100,PR_HU_EU,HR,2024,0.00,n
ESTAT:TAG00122(1.0),13/03/24 23:00:00,A,O1100,PR_HU_EU,HU,2013,0.00,
ESTAT:TAG00122(1.0),13/03/24 23:00:00,A,O1100,PR_HU_EU,HU,2014,0.00,n
ESTAT:TAG00122(1.0),13/03/24 23:00:00,A,O1100,PR_HU_EU,HU,2015,0.00,
ESTAT:TAG00122(1.0),13/03/24 23:00:00,A,O1100,PR_HU_EU,HU,2016,0.00,
ESTAT:TAG00122(1.0),13/03/24 23:00:00,A,O1100,PR_HU_EU,HU,2017,0.00,
ESTAT:TAG00122(1.0),13/03/24 23:00:00,A,O1100,PR_HU_EU,HU,2018,0.00,
ESTAT:TAG00122(1.0),13/03/24 23:00:00,A,O1100,PR_HU_EU,HU,2019,0.00,
ESTAT:TAG00122(1.0),13/03/24 23:00:00,A,O1100,PR_HU_EU,HU,2020,0.00,
ESTAT:TAG00122(1.0),13/03/24 23:00:00,A,O1100,PR_HU_EU,HU,2021,0.00,
ESTAT:TAG00122(1.0),13/03/24 23:00:00,A,O1100,PR_HU_EU,HU,2022,0.00,
ESTAT:TAG00122(1.0),13/03/24 23:00:00,A,O1100,PR_HU_EU,HU,2023,0.00,
ESTAT:TAG00122(1.0),13/03/24 23:00:00,A,O1100,PR_HU_EU,HU,2024,0.00,
ESTAT:TAG00122(1.0),13/03/24 23:00:00,A,O1100,PR_HU_EU,IE,2013,0.00,
ESTAT:TAG00122(1.0),13/03/24 23:00:00,A,O1100,PR_HU_EU,IE,2014,0.00,
ESTAT:TAG00122(1.0),13/03/24 23:00:00,A,O1100,PR_HU_EU,IE,2015,0.00,
ESTAT:TAG00122(1.0),13/03/24 23:00:00,A,O1100,PR_HU_EU,IE,2016,0.00,
ESTAT:TAG00122(1.0),13/03/24 23:00:00,A,O1100,PR_HU_EU,IE,2017,0.00,
ESTAT:TAG00122(1.0),13/03/24 23:00:00,A,O1100,PR_HU_EU,IE,2018,0.00,
ESTAT:TAG00122(1.0),13/03/24 23:00:00,A,O1100,PR_HU_EU,IE,2019,0.00,
ESTAT:TAG00122(1.0),13/03/24 23:00:00,A,O1100,PR_HU_EU,IE,2020,0.00,
ESTAT:TAG00122(1.0),13/03/24 23:00:00,A,O1100,PR_HU_EU,IE,2021,0.00,
ESTAT:TAG00122(1.0),13/03/24 23:00:00,A,O1100,PR_HU_EU,IE,2022,0.00,
ESTAT:TAG00122(1.0),13/03/24 23:00:00,A,O1100,PR_HU_EU,IE,2023,0.00,
ESTAT:TAG00122(1.0),13/03/24 23:00:00,A,O1100,PR_HU_EU,IE,2024,0.00,
ESTAT:TAG00122(1.0),13/03/24 23:00:00,A,O1100,PR_HU_EU,IS,2013,0.00,
ESTAT:TAG00122(1.0),13/03/24 23:00:00,A,O1100,PR_HU_EU,IS,2014,0.00,
ESTAT:TAG00122(1.0),13/03/24 23:00:00,A,O1100,PR_HU_EU,IS,2015,0.00,
ESTAT:TAG00122(1.0),13/03/24 23:00:00,A,O1100,PR_HU_EU,IS,2016,0.00,
ESTAT:TAG00122(1.0),13/03/24 23:00:00,A,O1100,PR_HU_EU,IS,2017,0.00,
ESTAT:TAG00122(1.0),13/03/24 23:00:00,A,O1100,PR_HU_EU,IS,2018,0.00,n
ESTAT:TAG00122(1.0),13/03/24 23:00:00,A,O1100,PR_HU_EU,IS,2019,0.00,n
ESTAT:TAG00122(1.0),13/03/24 23:00:00,A,O1100,PR_HU_EU,IS,2020,0.00,
ESTAT:TAG00122(1.0),13/03/24 23:00:00,A,O1100,PR_HU_EU,IS,2021,0.00,
ESTAT:TAG00122(1.0),13/03/24 23:00:00,A,O1100,PR_HU_EU,IS,2022,0.00,
ESTAT:TAG00122(1.0),13/03/24 23:00:00,A,O1100,PR_HU_EU,IS,2023,0.00,
ESTAT:TAG00122(1.0),13/03/24 23:00:00,A,O1100,PR_HU_EU,IS,2024,0.00,
ESTAT:TAG00122(1.0),13/03/24 23:00:00,A,O1100,PR_HU_EU,IT,2013,87.85,
ESTAT:TAG00122(1.0),13/03/24 23:00:00,A,O1100,PR_HU_EU,IT,2014,60.24,
ESTAT:TAG00122(1.0),13/03/24 23:00:00,A,O1100,PR_HU_EU,IT,2016,71.23,
ESTAT:TAG00122(1.0),13/03/24 23:00:00,A,O1100,PR_HU_EU,IT,2017,72.73,
ESTAT:TAG00122(1.0),13/03/24 23:00:00,A,O1100,PR_HU_EU,IT,2018,64.49,
ESTAT:TAG00122(1.0),13/03/24 23:00:00,A,O1100,PR_HU_EU,IT,2019,75.98,
ESTAT:TAG00122(1.0),13/03/24 23:00:00,A,O1100,PR_HU_EU,IT,2020,81.00,
ESTAT:TAG00122(1.0),13/03/24 23:00:00,A,O1100,PR_HU_EU,IT,2021,89.28,
ESTAT:TAG00122(1.0),13/03/24 23:00:00,A,O1100,PR_HU_EU,IT,2022,86.60,
ESTAT:TAG00122(1.0),13/03/24 23:00:00,A,O1100,PR_HU_EU,LT,2013,0.00,
ESTAT:TAG00122(1.0),13/03/24 23:00:00,A,O1100,PR_HU_EU,LT,2014,0.00,
ESTAT:TAG00122(1.0),13/03/24 23:00:00,A,O1100,PR_HU_EU,LT,2015,0.00,
ESTAT:TAG00122(1.0),13/03/24 23:00:00,A,O1100,PR_HU_EU,LT,2016,0.00,
ESTAT:TAG00122(1.0),13/03/24 23:00:00,A,O1100,PR_HU_EU,LT,2017,0.00,
ESTAT:TAG00122(1.0),13/03/24 23:00:00,A,O1100,PR_HU_EU,LT,2018,0.00,
ESTAT:TAG00122(1.0),13/03/24 23:00:00,A,O1100,PR_HU_EU,LT,2019,0.00,
ESTAT:TAG00122(1.0),13/03/24 23:00:00,A,O1100,PR_HU_EU,LT,2020,0.00,
ESTAT:TAG00122(1.0),13/03/24 23:00:00,A,O1100,PR_HU_EU,LT,2021,0.00,
ESTAT:TAG00122(1.0),13/03/24 23:00:00,A,O1100,PR_HU_EU,LT,2022,0.00,
ESTAT:TAG00122(1.0),13/03/24 23:00:00,A,O1100,PR_HU_EU,LT,2023,0.00,
ESTAT:TAG00122(1.0),13/03/24 23:00:00,A,O1100,PR_HU_EU,LT,2024,0.00,
ESTAT:TAG00122(1.0),13/03/24 23:00:00,A,O1100,PR_HU_EU,LU,2013,0.00,
ESTAT:TAG00122(1.0),13/03/24 23:00:00,A,O1100,PR_HU_EU,LU,2014,0.00,
ESTAT:TAG00122(1.0),13/03/24 23:00:00,A,O1100,PR_HU_EU,LU,2015,0.00,
ESTAT:TAG00122(1.0),13/03/24 23:00:00,A,O1100,PR_HU_EU,LU,2016,0.00,
ESTAT:TAG00122(1.0),13/03/24 23:00:00,A,O1100,PR_HU_EU,LU,2017,0.00,
ESTAT:TAG00122(1.0),13/03/24 23:00:00,A,O1100,PR_HU_EU,LU,2018,0.00,
ESTAT:TAG00122(1.0),13/03/24 23:00:00,A,O1100,PR_HU_EU,LU,2019,0.00,
ESTAT:TAG00122(1.0),13/03/24 23:00:00,A,O1100,PR_HU_EU,LU,2020,0.00,
ESTAT:TAG00122(1.0),13/03/24 23:00:00,A,O1100,PR_HU_EU,LU,2021,0.00,
ESTAT:TAG00122(1.0),13/03/24 23:00:00,A,O1100,PR_HU_EU,LU,2022,0.00,
ESTAT:TAG00122(1.0),13/03/24 23:00:00,A,O1100,PR_HU_EU,LU,2023,0.00,
ESTAT:TAG00122(1.0),13/03/24 23:00:00,A,O1100,PR_HU_EU,LU,2024,0.00,
ESTAT:TAG00122(1.0),13/03/24 23:00:00,A,O1100,PR_HU_EU,LV,2013,0.00,
ESTAT:TAG00122(1.0),13/03/24 23:00:00,A,O1100,PR_HU_EU,LV,2014,0.00,
ESTAT:TAG00122(1.0),13/03/24 23:00:00,A,O1100,PR_HU_EU,LV,2015,0.00,
ESTAT:TAG00122(1.0),13/03/24 23:00:00,A,O1100,PR_HU_EU,LV,2016,0.00,
ESTAT:TAG00122(1.0),13/03/24 23:00:00,A,O1100,PR_HU_EU,LV,2017,0.00,
ESTAT:TAG00122(1.0),13/03/24 23:00:00,A,O1100,PR_HU_EU,LV,2018,0.00,
ESTAT:TAG00122(1.0),13/03/24 23:00:00,A,O1100,PR_HU_EU,LV,2019,0.00,
ESTAT:TAG00122(1.0),13/03/24 23:00:00,A,O1100,PR_HU_EU,LV,2020,0.00,
ESTAT:TAG00122(1.0),13/03/24 23:00:00,A,O1100,PR_HU_EU,LV,2021,0.00,
ESTAT:TAG00122(1.0),13/03/24 23:00:00,A,O1100,PR_HU_EU,LV,2022,0.00,
ESTAT:TAG00122(1.0),13/03/24 23:00:00,A,O1100,PR_HU_EU,LV,2023,0.00,
ESTAT:TAG00122(1.0),13/03/24 23:00:00,A,O1100,PR_HU_EU,LV,2024,0.00,
ESTAT:TAG00122(1.0),13/03/24 23:00:00,A,O1100,PR_HU_EU,ME,2013,0.00,n
ESTAT:TAG00122(1.0),13/03/24 23:00:00,A,O1100,PR_HU_EU,ME,2014,0.00,n
ESTAT:TAG00122(1.0),13/03/24 23:00:00,A,O1100,PR_HU_EU,ME,2015,0.05,
ESTAT:TAG00122(1.0),13/03/24 23:00:00,A,O1100,PR_HU_EU,ME,2016,0.09,p
ESTAT:TAG00122(1.0),13/03/24 23:00:00,A,O1100,PR_HU_EU,ME,2017,0.07,p
ESTAT:TAG00122(1.0),13/03/24 23:00:00,A,O1100,PR_HU_EU,ME,2018,0.03,p
ESTAT:TAG00122(1.0),13/03/24 23:00:00,A,O1100,PR_HU_EU,ME,2019,0.03,p
ESTAT:TAG00122(1.0),13/03/24 23:00:00,A,O1100,PR_HU_EU,ME,2020,0.02,p
ESTAT:TAG00122(1.0),13/03/24 23:00:00,A,O1100,PR_HU_EU,ME,2021,0.03,p
ESTAT:TAG00122(1.0),13/03/24 23:00:00,A,O1100,PR_HU_EU,ME,2022,0.03,p
ESTAT:TAG00122(1.0),13/03/24 23:00:00,A,O1100,PR_HU_EU,MT,2013,0.06,
ESTAT:TAG00122(1.0),13/03/24 23:00:00,A,O1100,PR_HU_EU,MT,2014,0.06,
ESTAT:TAG00122(1.0),13/03/24 23:00:00,A,O1100,PR_HU_EU,MT,2015,0.09,
ESTAT:TAG00122(1.0),13/03/24 23:00:00,A,O1100,PR_HU_EU,MT,2016,0.03,
ESTAT:TAG00122(1.0),13/03/24 23:00:00,A,O1100,PR_HU_EU,MT,2017,0.11,
ESTAT:TAG00122(1.0),13/03/24 23:00:00,A,O1100,PR_HU_EU,MT,2018,0.03,
ESTAT:TAG00122(1.0),13/03/24 23:00:00,A,O1100,PR_HU_EU,MT,2019,0.03,
ESTAT:TAG00122(1.0),13/03/24 23:00:00,A,O1100,PR_HU_EU,MT,2020,0.01,
ESTAT:TAG00122(1.0),13/03/24 23:00:00,A,O1100,PR_HU_EU,MT,2021,0.02,
ESTAT:TAG00122(1.0),13/03/24 23:00:00,A,O1100,PR_HU_EU,MT,2022,0.02,
ESTAT:TAG00122(1.0),13/03/24 23:00:00,A,O1100,PR_HU_EU,MT,2023,0.00,n
ESTAT:TAG00122(1.0),13/03/24 23:00:00,A,O1100,PR_HU_EU,MT,2024,0.00,n
ESTAT:TAG00122(1.0),13/03/24 23:00:00,A,O1100,PR_HU_EU,NL,2013,0.00,
ESTAT:TAG00122(1.0),13/03/24 23:00:00,A,O1100,PR_HU_EU,NL,2014,0.00,
ESTAT:TAG00122(1.0),13/03/24 23:00:00,A,O1100,PR_HU_EU,NL,2015,0.00,
ESTAT:TAG00122(1.0),13/03/24 23:00:00,A,O1100,PR_HU_EU,NL,2016,0.00,
ESTAT:TAG00122(1.0),13/03/24 23:00:00,A,O1100,PR_HU_EU,NL,2017,0.00,
ESTAT:TAG00122(1.0),13/03/24 23:00:00,A,O1100,PR_HU_EU,NL,2018,0.00,
ESTAT:TAG00122(1.0),13/03/24 23:00:00,A,O1100,PR_HU_EU,NL,2019,0.00,
ESTAT:TAG00122(1.0),13/03/24 23:00:00,A,O1100,PR_HU_EU,NL,2020,0.00,
ESTAT:TAG00122(1.0),13/03/24 23:00:00,A,O1100,PR_HU_EU,NL,2021,0.00,
ESTAT:TAG00122(1.0),13/03/24 23:00:00,A,O1100,PR_HU_EU,NL,2022,0.00,
ESTAT:TAG00122(1.0),13/03/24 23:00:00,A,O1100,PR_HU_EU,NL,2023,0.00,
ESTAT:TAG00122(1.0),13/03/24 23:00:00,A,O1100,PR_HU_EU,NL,2024,0.00,
ESTAT:TAG00122(1.0),13/03/24 23:00:00,A,O1100,PR_HU_EU,NO,2015,0.00,
ESTAT:TAG00122(1.0),13/03/24 23:00:00,A,O1100,PR_HU_EU,NO,2016,0.00,n
ESTAT:TAG00122(1.0),13/03/24 23:00:00,A,O1100,PR_HU_EU,NO,2017,0.00,n
ESTAT:TAG00122(1.0),13/03/24 23:00:00,A,O1100,PR_HU_EU,NO,2018,0.00,n
ESTAT:TAG00122(1.0),13/03/24 23:00:00,A,O1100,PR_HU_EU,NO,2019,0.00,n
ESTAT:TAG00122(1.0),13/03/24 23:00:00,A,O1100,PR_HU_EU,NO,2020,0.00,n
ESTAT:TAG00122(1.0),13/03/24 23:00:00,A,O1100,PR_HU_EU,NO,2022,0.00,
ESTAT:TAG00122(1.0),13/03/24 23:00:00,A,O1100,PR_HU_EU,NO,2023,0.00,
ESTAT:TAG00122(1.0),13/03/24 23:00:00,A,O1100,PR_HU_EU,NO,2024,0.00,
ESTAT:TAG00122(1.0),13/03/24 23:00:00,A,O1100,PR_HU_EU,PL,2013,0.00,
ESTAT:TAG00122(1.0),13/03/24 23:00:00,A,O1100,PR_HU_EU,PL,2014,0.00,
ESTAT:TAG00122(1.0),13/03/24 23:00:00,A,O1100,PR_HU_EU,PL,2015,0.00,
ESTAT:TAG00122(1.0),13/03/24 23:00:00,A,O1100,PR_HU_EU,PL,2016,0.00,
ESTAT:TAG00122(1.0),13/03/24 23:00:00,A,O1100,PR_HU_EU,PL,2017,0.00,
ESTAT:TAG00122(1.0),13/03/24 23:00:00,A,O1100,PR_HU_EU,PL,2018,0.00,
ESTAT:TAG00122(1.0),13/03/24 23:00:00,A,O1100,PR_HU_EU,PL,2019,0.00,
ESTAT:TAG00122(1.0),13/03/24 23:00:00,A,O1100,PR_HU_EU,PL,2020,0.00,
ESTAT:TAG00122(1.0),13/03/24 23:00:00,A,O1100,PR_HU_EU,PL,2021,0.00,
ESTAT:TAG00122(1.0),13/03/24 23:00:00,A,O1100,PR_HU_EU,PL,2022,0.00,
ESTAT:TAG00122(1.0),13/03/24 23:00:00,A,O1100,PR_HU_EU,PL,2023,0.00,
ESTAT:TAG00122(1.0),13/03/24 23:00:00,A,O1100,PR_HU_EU,PL,2024,0.00,
ESTAT:TAG00122(1.0),13/03/24 23:00:00,A,O1100,PR_HU_EU,PT,2013,17.53,
ESTAT:TAG00122(1.0),13/03/24 23:00:00,A,O1100,PR_HU_EU,PT,2014,17.40,
ESTAT:TAG00122(1.0),13/03/24 23:00:00,A,O1100,PR_HU_EU,PT,2015,20.75,
ESTAT:TAG00122(1.0),13/03/24 23:00:00,A,O1100,PR_HU_EU,PT,2016,17.32,
ESTAT:TAG00122(1.0),13/03/24 23:00:00,A,O1100,PR_HU_EU,PT,2017,17.80,
ESTAT:TAG00122(1.0),13/03/24 23:00:00,A,O1100,PR_HU_EU,PT,2018,24.66,
ESTAT:TAG00122(1.0),13/03/24 23:00:00,A,O1100,PR_HU_EU,PT,2019,22.34,
ESTAT:TAG00122(1.0),13/03/24 23:00:00,A,O1100,PR_HU_EU,PT,2020,20.17,
ESTAT:TAG00122(1.0),13/03/24 23:00:00,A,O1100,PR_HU_EU,PT,2021,25.52,
ESTAT:TAG00122(1.0),13/03/24 23:00:00,A,O1100,PR_HU_EU,PT,2022,16.91,
ESTAT:TAG00122(1.0),13/03/24 23:00:00,A,O1100,PR_HU_EU,RO,2013,0.00,
ESTAT:TAG00122(1.0),13/03/24 23:00:00,A,O1100,PR_HU_EU,RO,2014,0.00,
ESTAT:TAG00122(1.0),13/03/24 23:00:00,A,O1100,PR_HU_EU,RO,2015,0.00,
ESTAT:TAG00122(1.0),13/03/24 23:00:00,A,O1100,PR_HU_EU,RO,2016,0.00,
ESTAT:TAG00122(1.0),13/03/24 23:00:00,A,O1100,PR_HU_EU,RO,2017,0.00,
ESTAT:TAG00122(1.0),13/03/24 23:00:00,A,O1100,PR_HU_EU,RO,2018,0.00,
ESTAT:TAG00122(1.0),13/03/24 23:00:00,A,O1100,PR_HU_EU,RO,2019,0.00,
ESTAT:TAG00122(1.0),13/03/24 23:00:00,A,O1100,PR_HU_EU,RO,2020,0.00,
ESTAT:TAG00122(1.0),13/03/24 23:00:00,A,O1100,PR_HU_EU,RO,2021,0.00,
ESTAT:TAG00122(1.0),13/03/24 23:00:00,A,O1100,PR_HU_EU,RO,2022,0.00,
ESTAT:TAG00122(1.0),13/03/24 23:00:00,A,O1100,PR_HU_EU,RO,2023,0.00,
ESTAT:TAG00122(1.0),13/03/24 23:00:00,A,O1100,PR_HU_EU,RO,2024,0.00,
ESTAT:TAG00122(1.0),13/03/24 23:00:00,A,O1100,PR_HU_EU,RS,2013,0.00,
ESTAT:TAG00122(1.0),13/03/24 23:00:00,A,O1100,PR_HU_EU,RS,2014,0.00,
ESTAT:TAG00122(1.0),13/03/24 23:00:00,A,O1100,PR_HU_EU,RS,2015,0.00,
ESTAT:TAG00122(1.0),13/03/24 23:00:00,A,O1100,PR_HU_EU,RS,2016,0.00,
ESTAT:TAG00122(1.0),13/03/24 23:00:00,A,O1100,PR_HU_EU,RS,2017,0.00,
ESTAT:TAG00122(1.0),13/03/24 23:00:00,A,O1100,PR_HU_EU,RS,2018,0.00,
ESTAT:TAG00122(1.0),13/03/24 23:00:00,A,O1100,PR_HU_EU,RS,2019,0.00,
ESTAT:TAG00122(1.0),13/03/24 23:00:00,A,O1100,PR_HU_EU,RS,2020,0.00,
ESTAT:TAG00122(1.0),13/03/24 23:00:00,A,O1100,PR_HU_EU,RS,2021,0.00,
ESTAT:TAG00122(1.0),13/03/24 23:00:00,A,O1100,PR_HU_EU,RS,2022,0.00,
ESTAT:TAG00122(1.0),13/03/24 23:00:00,A,O1100,PR_HU_EU,RS,2023,0.00,
ESTAT:TAG00122(1.0),13/03/24 23:00:00,A,O1100,PR_HU_EU,RS,2024,0.00,
ESTAT:TAG00122(1.0),13/03/24 23:00:00,A,O1100,PR_HU_EU,SE,2013,0.00,
ESTAT:TAG00122(1.0),13/03/24 23:00:00,A,O1100,PR_HU_EU,SE,2014,0.00,
ESTAT:TAG00122(1.0),13/03/24 23:00:00,A,O1100,PR_HU_EU,SE,2015,0.00,
ESTAT:TAG00122(1.0),13/03/24 23:00:00,A,O1100,PR_HU_EU,SE,2016,0.00,
ESTAT:TAG00122(1.0),13/03/24 23:00:00,A,O1100,PR_HU_EU,SE,2017,0.00,
ESTAT:TAG00122(1.0),13/03/24 23:00:00,A,O1100,PR_HU_EU,SE,2018,0.00,
ESTAT:TAG00122(1.0),13/03/24 23:00:00,A,O1100,PR_HU_EU,SE,2019,0.00,
ESTAT:TAG00122(1.0),13/03/24 23:00:00,A,O1100,PR_HU_EU,SE,2020,0.00,
ESTAT:TAG00122(1.0),13/03/24 23:00:00,A,O1100,PR_HU_EU,SE,2021,0.00,
ESTAT:TAG00122(1.0),13/03/24 23:00:00,A,O1100,PR_HU_EU,SE,2022,0.00,
ESTAT:TAG00122(1.0),13/03/24 23:00:00,A,O1100,PR_HU_EU,SE,2023,0.00,
ESTAT:TAG00122(1.0),13/03/24 23:00:00,A,O1100,PR_HU_EU,SE,2024,0.00,
ESTAT:TAG00122(1.0),13/03/24 23:00:00,A,O1100,PR_HU_EU,SI,2013,0.00,
ESTAT:TAG00122(1.0),13/03/24 23:00:00,A,O1100,PR_HU_EU,SI,2014,0.00,
ESTAT:TAG00122(1.0),13/03/24 23:00:00,A,O1100,PR_HU_EU,SI,2015,0.00,n
ESTAT:TAG00122(1.0),13/03/24 23:00:00,A,O1100,PR_HU_EU,SI,2020,0.00,n
ESTAT:TAG00122(1.0),13/03/24 23:00:00,A,O1100,PR_HU_EU,SI,2021,0.00,n
ESTAT:TAG00122(1.0),13/03/24 23:00:00,A,O1100,PR_HU_EU,SI,2022,0.00,n
ESTAT:TAG00122(1.0),13/03/24 23:00:00,A,O1100,PR_HU_EU,SI,2023,0.00,n
ESTAT:TAG00122(1.0),13/03/24 23:00:00,A,O1100,PR_HU_EU,SI,2024,0.00,n
ESTAT:TAG00122(1.0),13/03/24 23:00:00,A,O1100,PR_HU_EU,SK,2013,0.00,
ESTAT:TAG00122(1.0),13/03/24 23:00:00,A,O1100,PR_HU_EU,SK,2014,0.00,
ESTAT:TAG00122(1.0),13/03/24 23:00:00,A,O1100,PR_HU_EU,SK,2015,0.00,
ESTAT:TAG00122(1.0),13/03/24 23:00:00,A,O1100,PR_HU_EU,SK,2016,0.00,
ESTAT:TAG00122(1.0),13/03/24 23:00:00,A,O1100,PR_HU_EU,SK,2017,0.00,
ESTAT:TAG00122(1.0),13/03/24 23:00:00,A,O1100,PR_HU_EU,SK,2018,0.00,
ESTAT:TAG00122(1.0),13/03/24 23:00:00,A,O1100,PR_HU_EU,SK,2019,0.00,
ESTAT:TAG00122(1.0),13/03/24 23:00:00,A,O1100,PR_HU_EU,SK,2020,0.00,
ESTAT:TAG00122(1.0),13/03/24 23:00:00,A,O1100,PR_HU_EU,SK,2021,0.00,
ESTAT:TAG00122(1.0),13/03/24 23:00:00,A,O1100,PR_HU_EU,SK,2022,0.00,
ESTAT:TAG00122(1.0),13/03/24 23:00:00,A,O1100,PR_HU_EU,SK,2023,0.00,
ESTAT:TAG00122(1.0),13/03/24 23:00:00,A,O1100,PR_HU_EU,SK,2024,0.00,
ESTAT:TAG00122(1.0),13/03/24 23:00:00,A,O1100,PR_HU_EU,TR,2013,390.00,
ESTAT:TAG00122(1.0),13/03/24 23:00:00,A,O1100,PR_HU_EU,TR,2014,438.00,
ESTAT:TAG00122(1.0),13/03/24 23:00:00,A,O1100,PR_HU_EU,TR,2015,400.00,
ESTAT:TAG00122(1.0),13/03/24 23:00:00,A,O1100,PR_HU_EU,TR,2016,430.00,
ESTAT:TAG00122(1.0),13/03/24 23:00:00,A,O1100,PR_HU_EU,TR,2017,460.00,
ESTAT:TAG00122(1.0),13/03/24 23:00:00,A,O1100,PR_HU_EU,TR,2018,427.00,
ESTAT:TAG00122(1.0),13/03/24 23:00:00,A,O1100,PR_HU_EU,TR,2019,415.00,
ESTAT:TAG00122(1.0),13/03/24 23:00:00,A,O1100,PR_HU_EU,TR,2020,513.00,
ESTAT:TAG00122(1.0),13/03/24 23:00:00,A,O1100,PR_HU_EU,TR,2021,556.00,
ESTAT:TAG00122(1.0),13/03/24 23:00:00,A,O1100,PR_HU_EU,TR,2022,938.00,
ESTAT:TAG00122(1.0),13/03/24 23:00:00,A,O1100,PR_HU_EU,UK,2013,0.00,
ESTAT:TAG00122(1.0),13/03/24 23:00:00,A,O1100,PR_HU_EU,UK,2014,0.00,
ESTAT:TAG00122(1.0),13/03/24 23:00:00,A,O1100,PR_HU_EU,UK,2015,0.00,
ESTAT:TAG00122(1.0),13/03/24 23:00:00,A,O1100,PR_HU_EU,UK,2016,0.00,
ESTAT:TAG00122(1.0),13/03/24 23:00:00,A,O1100,PR_HU_EU,UK,2017,0.00,
ESTAT:TAG00122(1.0),13/03/24 23:00:00,A,O1100,PR_HU_EU,UK,2018,0.00,
ESTAT:TAG00122(1.0),13/03/24 23:00:00,A,O1100,PR_HU_EU,UK,2019,0.00,
ESTAT:TAG00122(1.0),13/03/24 23:00:00,A,O1100,PR_HU_EU,UK,2020,0.00,
ESTAT:TAG00122(1.0),13/03/24 23:00:00,A,O1100,PR_HU_EU,XK,2018,0.00,
ESTAT:TAG00122(1.0),13/03/24 23:00:00,A,O1100,PR_HU_EU,XK,2019,0.00,
ESTAT:TAG00122(1.0),13/03/24 23:00:00,A,O1100,PR_HU_EU,XK,2020,0.00,
ESTAT:TAG00122(1.0),13/03/24 23:00:00,A,O1100,PR_HU_EU,XK,2021,0.00,
ESTAT:TAG00122(1.0),13/03/24 23:00:00,A,O1100,PR_HU_EU,XK,2022,0.00,
ESTAT:TAG00122(1.0),13/03/24 23:00:00,A,O1910,PR_HU_EU,AL,2014,74.90,
ESTAT:TAG00122(1.0),13/03/24 23:00:00,A,O1910,PR_HU_EU,AL,2015,75.10,
ESTAT:TAG00122(1.0),13/03/24 23:00:00,A,O1910,PR_HU_EU,AL,2016,78.50,
ESTAT:TAG00122(1.0),13/03/24 23:00:00,A,O1910,PR_HU_EU,AL,2017,87.70,
ESTAT:TAG00122(1.0),13/03/24 23:00:00,A,O1910,PR_HU_EU,AL,2018,93.50,
ESTAT:TAG00122(1.0),13/03/24 23:00:00,A,O1910,PR_HU_EU,AL,2019,87.40,
ESTAT:TAG00122(1.0),13/03/24 23:00:00,A,O1910,PR_HU_EU,AL,2020,108.50,
ESTAT:TAG00122(1.0),13/03/24 23:00:00,A,O1910,PR_HU_EU,AL,2021,96.50,
ESTAT:TAG00122(1.0),13/03/24 23:00:00,A,O1910,PR_HU_EU,AL,2022,128.90,
ESTAT:TAG00122(1.0),13/03/24 23:00:00,A,O1910,PR_HU_EU,AT,2013,0.00,
ESTAT:TAG00122(1.0),13/03/24 23:00:00,A,O1910,PR_HU_EU,AT,2014,0.00,
ESTAT:TAG00122(1.0),13/03/24 23:00:00,A,O1910,PR_HU_EU,AT,2015,0.00,
ESTAT:TAG00122(1.0),13/03/24 23:00:00,A,O1910,PR_HU_EU,AT,2017,0.00,
ESTAT:TAG00122(1.0),13/03/24 23:00:00,A,O1910,PR_HU_EU,AT,2018,0.00,
ESTAT:TAG00122(1.0),13/03/24 23:00:00,A,O1910,PR_HU_EU,AT,2019,0.00,
ESTAT:TAG00122(1.0),13/03/24 23:00:00,A,O1910,PR_HU_EU,AT,2020,0.00,
ESTAT:TAG00122(1.0),13/03/24 23:00:00,A,O1910,PR_HU_EU,AT,2021,0.00,
ESTAT:TAG00122(1.0),13/03/24 23:00:00,A,O1910,PR_HU_EU,AT,2022,0.00,
ESTAT:TAG00122(1.0),13/03/24 23:00:00,A,O1910,PR_HU_EU,AT,2023,0.00,
ESTAT:TAG00122(1.0),13/03/24 23:00:00,A,O1910,PR_HU_EU,AT,2024,0.00,
ESTAT:TAG00122(1.0),13/03/24 23:00:00,A,O1910,PR_HU_EU,BA,2013,0.00,
ESTAT:TAG00122(1.0),13/03/24 23:00:00,A,O1910,PR_HU_EU,BA,2014,0.00,
ESTAT:TAG00122(1.0),13/03/24 23:00:00,A,O1910,PR_HU_EU,BA,2015,0.00,
ESTAT:TAG00122(1.0),13/03/24 23:00:00,A,O1910,PR_HU_EU,BA,2016,0.00,
ESTAT:TAG00122(1.0),13/03/24 23:00:00,A,O1910,PR_HU_EU,BA,2017,0.00,
ESTAT:TAG00122(1.0),13/03/24 23:00:00,A,O1910,PR_HU_EU,BA,2018,0.00,
ESTAT:TAG00122(1.0),13/03/24 23:00:00,A,O1910,PR_HU_EU,BA,2019,0.00,
ESTAT:TAG00122(1.0),13/03/24 23:00:00,A,O1910,PR_HU_EU,BA,2020,0.00,
ESTAT:TAG00122(1.0),13/03/24 23:00:00,A,O1910,PR_HU_EU,BA,2021,0.00,
ESTAT:TAG00122(1.0),13/03/24 23:00:00,A,O1910,PR_HU_EU,BA,2022,0.66,b
ESTAT:TAG00122(1.0),13/03/24 23:00:00,A,O1910,PR_HU_EU,BA,2023,0.00,
ESTAT:TAG00122(1.0),13/03/24 23:00:00,A,O1910,PR_HU_EU,BA,2024,0.00,
ESTAT:TAG00122(1.0),13/03/24 23:00:00,A,O1910,PR_HU_EU,BE,2013,0.00,
ESTAT:TAG00122(1.0),13/03/24 23:00:00,A,O1910,PR_HU_EU,BE,2014,0.00,
ESTAT:TAG00122(1.0),13/03/24 23:00:00,A,O1910,PR_HU_EU,BE,2015,0.00,
ESTAT:TAG00122(1.0),13/03/24 23:00:00,A,O1910,PR_HU_EU,BE,2016,0.00,
ESTAT:TAG00122(1.0),13/03/24 23:00:00,A,O1910,PR_HU_EU,BE,2017,0.00,
ESTAT:TAG00122(1.0),13/03/24 23:00:00,A,O1910,PR_HU_EU,BE,2018,0.00,
ESTAT:TAG00122(1.0),13/03/24 23:00:00,A,O1910,PR_HU_EU,BE,2019,0.00,
ESTAT:TAG00122(1.0),13/03/24 23:00:00,A,O1910,PR_HU_EU,BE,2020,0.00,
ESTAT:TAG00122(1.0),13/03/24 23:00:00,A,O1910,PR_HU_EU,BE,2021,0.00,
ESTAT:TAG00122(1.0),13/03/24 23:00:00,A,O1910,PR_HU_EU,BE,2022,0.00,
ESTAT:TAG00122(1.0),13/03/24 23:00:00,A,O1910,PR_HU_EU,BE,2023,0.00,
ESTAT:TAG00122(1.0),13/03/24 23:00:00,A,O1910,PR_HU_EU,BE,2024,0.00,
ESTAT:TAG00122(1.0),13/03/24 23:00:00,A,O1910,PR_HU_EU,BG,2013,0.00,
ESTAT:TAG00122(1.0),13/03/24 23:00:00,A,O1910,PR_HU_EU,BG,2014,0.00,
ESTAT:TAG00122(1.0),13/03/24 23:00:00,A,O1910,PR_HU_EU,BG,2015,0.00,
ESTAT:TAG00122(1.0),13/03/24 23:00:00,A,O1910,PR_HU_EU,BG,2016,0.00,
ESTAT:TAG00122(1.0),13/03/24 23:00:00,A,O1910,PR_HU_EU,BG,2017,0.00,
ESTAT:TAG00122(1.0),13/03/24 23:00:00,A,O1910,PR_HU_EU,BG,2018,0.00,
ESTAT:TAG00122(1.0),13/03/24 23:00:00,A,O1910,PR_HU_EU,BG,2019,0.00,
ESTAT:TAG00122(1.0),13/03/24 23:00:00,A,O1910,PR_HU_EU,BG,2020,0.00,
ESTAT:TAG00122(1.0),13/03/24 23:00:00,A,O1910,PR_HU_EU,BG,2021,0.00,
ESTAT:TAG00122(1.0),13/03/24 23:00:00,A,O1910,PR_HU_EU,BG,2022,0.00,
ESTAT:TAG00122(1.0),13/03/24 23:00:00,A,O1910,PR_HU_EU,BG,2023,0.00,
ESTAT:TAG00122(1.0),13/03/24 23:00:00,A,O1910,PR_HU_EU,BG,2024,0.00,
ESTAT:TAG00122(1.0),13/03/24 23:00:00,A,O1910,PR_HU_EU,CH,2014,0.00,
ESTAT:TAG00122(1.0),13/03/24 23:00:00,A,O1910,PR_HU_EU,CH,2015,0.00,
ESTAT:TAG00122(1.0),13/03/24 23:00:00,A,O1910,PR_HU_EU,CH,2016,0.00,
ESTAT:TAG00122(1.0),13/03/24 23:00:00,A,O1910,PR_HU_EU,CH,2017,0.00,
ESTAT:TAG00122(1.0),13/03/24 23:00:00,A,O1910,PR_HU_EU,CH,2018,0.00,
ESTAT:TAG00122(1.0),13/03/24 23:00:00,A,O1910,PR_HU_EU,CH,2019,0.00,
ESTAT:TAG00122(1.0),13/03/24 23:00:00,A,O1910,PR_HU_EU,CH,2021,0.00,
ESTAT:TAG00122(1.0),13/03/24 23:00:00,A,O1910,PR_HU_EU,CH,2022,0.00,
ESTAT:TAG00122(1.0),13/03/24 23:00:00,A,O1910,PR_HU_EU,CY,2013,9.76,
ESTAT:TAG00122(1.0),13/03/24 23:00:00,A,O1910,PR_HU_EU,CY,2014,13.76,
ESTAT:TAG00122(1.0),13/03/24 23:00:00,A,O1910,PR_HU_EU,CY,2015,11.32,
ESTAT:TAG00122(1.0),13/03/24 23:00:00,A,O1910,PR_HU_EU,CY,2016,9.01,
ESTAT:TAG00122(1.0),13/03/24 23:00:00,A,O1910,PR_HU_EU,CY,2017,16.46,
ESTAT:TAG00122(1.0),13/03/24 23:00:00,A,O1910,PR_HU_EU,CY,2018,15.98,
ESTAT:TAG00122(1.0),13/03/24 23:00:00,A,O1910,PR_HU_EU,CY,2019,22.32,
ESTAT:TAG00122(1.0),13/03/24 23:00:00,A,O1910,PR_HU_EU,CY,2020,20.62,
ESTAT:TAG00122(1.0),13/03/24 23:00:00,A,O1910,PR_HU_EU,CY,2021,17.64,
ESTAT:TAG00122(1.0),13/03/24 23:00:00,A,O1910,PR_HU_EU,CY,2022,18.39,p
ESTAT:TAG00122(1.0),13/03/24 23:00:00,A,O1910,PR_HU_EU,CY,2023,16.50,e
ESTAT:TAG00122(1.0),13/03/24 23:00:00,A,O1910,PR_HU_EU,CZ,2013,0.00,
ESTAT:TAG00122(1.0),13/03/24 23:00:00,A,O1910,PR_HU_EU,CZ,2014,0.00,
ESTAT:TAG00122(1.0),13/03/24 23:00:00,A,O1910,PR_HU_EU,CZ,2015,0.00,
ESTAT:TAG00122(1.0),13/03/24 23:00:00,A,O1910,PR_HU_EU,CZ,2016,0.00,
ESTAT:TAG00122(1.0),13/03/24 23:00:00,A,O1910,PR_HU_EU,CZ,2017,0.00,
ESTAT:TAG00122(1.0),13/03/24 23:00:00,A,O1910,PR_HU_EU,CZ,2018,0.00,
ESTAT:TAG00122(1.0),13/03/24 23:00:00,A,O1910,PR_HU_EU,CZ,2019,0.00,
ESTAT:TAG00122(1.0),13/03/24 23:00:00,A,O1910,PR_HU_EU,CZ,2020,0.00,
ESTAT:TAG00122(1.0),13/03/24 23:00:00,A,O1910,PR_HU_EU,CZ,2021,0.00,
ESTAT:TAG00122(1.0),13/03/24 23:00:00,A,O1910,PR_HU_EU,CZ,2022,0.00,
ESTAT:TAG00122(1.0),13/03/24 23:00:00,A,O1910,PR_HU_EU,CZ,2023,0.00,
ESTAT:TAG00122(1.0),13/03/24 23:00:00,A,O1910,PR_HU_EU,CZ,2024,0.00,
ESTAT:TAG00122(1.0),13/03/24 23:00:00,A,O1910,PR_HU_EU,DE,2013,0.00,
ESTAT:TAG00122(1.0),13/03/24 23:00:00,A,O1910,PR_HU_EU,DE,2014,0.00,
ESTAT:TAG00122(1.0),13/03/24 23:00:00,A,O1910,PR_HU_EU,DE,2015,0.00,
ESTAT:TAG00122(1.0),13/03/24 23:00:00,A,O1910,PR_HU_EU,DE,2016,0.00,
ESTAT:TAG00122(1.0),13/03/24 23:00:00,A,O1910,PR_HU_EU,DE,2017,0.00,
ESTAT:TAG00122(1.0),13/03/24 23:00:00,A,O1910,PR_HU_EU,DE,2018,0.00,
ESTAT:TAG00122(1.0),13/03/24 23:00:00,A,O1910,PR_HU_EU,DE,2019,0.00,
ESTAT:TAG00122(1.0),13/03/24 23:00:00,A,O1910,PR_HU_EU,DE,2020,0.00,
ESTAT:TAG00122(1.0),13/03/24 23:00:00,A,O1910,PR_HU_EU,DE,2021,0.00,
ESTAT:TAG00122(1.0),13/03/24 23:00:00,A,O1910,PR_HU_EU,DE,2022,0.00,
ESTAT:TAG00122(1.0),13/03/24 23:00:00,A,O1910,PR_HU_EU,DE,2023,0.00,
ESTAT:TAG00122(1.0),13/03/24 23:00:00,A,O1910,PR_HU_EU,DE,2024,0.00,
ESTAT:TAG00122(1.0),13/03/24 23:00:00,A,O1910,PR_HU_EU,DK,2013,0.00,
ESTAT:TAG00122(1.0),13/03/24 23:00:00,A,O1910,PR_HU_EU,DK,2014,0.00,
ESTAT:TAG00122(1.0),13/03/24 23:00:00,A,O1910,PR_HU_EU,DK,2015,0.00,
ESTAT:TAG00122(1.0),13/03/24 23:00:00,A,O1910,PR_HU_EU,DK,2016,0.00,
ESTAT:TAG00122(1.0),13/03/24 23:00:00,A,O1910,PR_HU_EU,DK,2017,0.00,
ESTAT:TAG00122(1.0),13/03/24 23:00:00,A,O1910,PR_HU_EU,DK,2018,0.00,
ESTAT:TAG00122(1.0),13/03/24 23:00:00,A,O1910,PR_HU_EU,DK,2019,0.00,
ESTAT:TAG00122(1.0),13/03/24 23:00:00,A,O1910,PR_HU_EU,DK,2020,0.00,
ESTAT:TAG00122(1.0),13/03/24 23:00:00,A,O1910,PR_HU_EU,DK,2021,0.00,
ESTAT:TAG00122(1.0),13/03/24 23:00:00,A,O1910,PR_HU_EU,DK,2022,0.00,
ESTAT:TAG00122(1.0),13/03/24 23:00:00,A,O1910,PR_HU_EU,DK,2023,0.00,
ESTAT:TAG00122(1.0),13/03/24 23:00:00,A,O1910,PR_HU_EU,DK,2024,0.00,
ESTAT:TAG00122(1.0),13/03/24 23:00:00,A,O1910,PR_HU_EU,EE,2013,0.00,
ESTAT:TAG00122(1.0),13/03/24 23:00:00,A,O1910,PR_HU_EU,EE,2014,0.00,
ESTAT:TAG00122(1.0),13/03/24 23:00:00,A,O1910,PR_HU_EU,EE,2015,0.00,
ESTAT:TAG00122(1.0),13/03/24 23:00:00,A,O1910,PR_HU_EU,EE,2016,0.00,
ESTAT:TAG00122(1.0),13/03/24 23:00:00,A,O1910,PR_HU_EU,EE,2017,0.00,
ESTAT:TAG00122(1.0),13/03/24 23:00:00,A,O1910,PR_HU_EU,EE,2018,0.00,
ESTAT:TAG00122(1.0),13/03/24 23:00:00,A,O1910,PR_HU_EU,EE,2019,0.00,
ESTAT:TAG00122(1.0),13/03/24 23:00:00,A,O1910,PR_HU_EU,EE,2020,0.00,
ESTAT:TAG00122(1.0),13/03/24 23:00:00,A,O1910,PR_HU_EU,EE,2021,0.00,
ESTAT:TAG00122(1.0),13/03/24 23:00:00,A,O1910,PR_HU_EU,EE,2022,0.00,
ESTAT:TAG00122(1.0),13/03/24 23:00:00,A,O1910,PR_HU_EU,EE,2023,0.00,
ESTAT:TAG00122(1.0),13/03/24 23:00:00,A,O1910,PR_HU_EU,EE,2024,0.00,
ESTAT:TAG00122(1.0),13/03/24 23:00:00,A,O1910,PR_HU_EU,EL,2013,1333.86,
ESTAT:TAG00122(1.0),13/03/24 23:00:00,A,O1910,PR_HU_EU,EL,2014,1516.47,
ESTAT:TAG00122(1.0),13/03/24 23:00:00,A,O1910,PR_HU_EU,EL,2015,1218.11,
ESTAT:TAG00122(1.0),13/03/24 23:00:00,A,O1910,PR_HU_EU,EL,2016,958.31,
ESTAT:TAG00122(1.0),13/03/24 23:00:00,A,O1910,PR_HU_EU,EL,2017,775.64,
ESTAT:TAG00122(1.0),13/03/24 23:00:00,A,O1910,PR_HU_EU,EL,2018,935.89,
ESTAT:TAG00122(1.0),13/03/24 23:00:00,A,O1910,PR_HU_EU,EL,2019,952.33,
ESTAT:TAG00122(1.0),13/03/24 23:00:00,A,O1910,PR_HU_EU,EL,2020,1001.11,
ESTAT:TAG00122(1.0),13/03/24 23:00:00,A,O1910,PR_HU_EU,EL,2021,909.17,
ESTAT:TAG00122(1.0),13/03/24 23:00:00,A,O1910,PR_HU_EU,EL,2022,943.39,
ESTAT:TAG00122(1.0),13/03/24 23:00:00,A,O1910,PR_HU_EU,EL,2023,1028.56,
ESTAT:TAG00122(1.0),13/03/24 23:00:00,A,O1910,PR_HU_EU,ES,2013,8766.90,
ESTAT:TAG00122(1.0),13/03/24 23:00:00,A,O1910,PR_HU_EU,ES,2014,4142.98,
ESTAT:TAG00122(1.0),13/03/24 23:00:00,A,O1910,PR_HU_EU,ES,2015,6804.34,
ESTAT:TAG00122(1.0),13/03/24 23:00:00,A,O1910,PR_HU_EU,ES,2016,6571.43,
ESTAT:TAG00122(1.0),13/03/24 23:00:00,A,O1910,PR_HU_EU,ES,2017,6030.87,
ESTAT:TAG00122(1.0),13/03/24 23:00:00,A,O1910,PR_HU_EU,ES,2018,9264.54,
ESTAT:TAG00122(1.0),13/03/24 23:00:00,A,O1910,PR_HU_EU,ES,2019,5642.06,
ESTAT:TAG00122(1.0),13/03/24 23:00:00,A,O1910,PR_HU_EU,ES,2020,7750.67,
ESTAT:TAG00122(1.0),13/03/24 23:00:00,A,O1910,PR_HU_EU,ES,2021,7682.88,
ESTAT:TAG00122(1.0),13/03/24 23:00:00,A,O1910,PR_HU_EU,ES,2022,3677.79,
ESTAT:TAG00122(1.0),13/03/24 23:00:00,A,O1910,PR_HU_EU,ES,2023,3922.32,p
ESTAT:TAG00122(1.0),13/03/24 23:00:00,A,O1910,PR_HU_EU,EU27_2020,2013,13662.04,
ESTAT:TAG00122(1.0),13/03/24 23:00:00,A,O1910,PR_HU_EU,EU27_2020,2014,8037.01,
ESTAT:TAG00122(1.0),13/03/24 23:00:00,A,O1910,PR_HU_EU,EU27_2020,2017,10271.57,
ESTAT:TAG00122(1.0),13/03/24 23:00:00,A,O1910,PR_HU_EU,EU27_2020,2018,12888.75,
ESTAT:TAG00122(1.0),13/03/24 23:00:00,A,O1910,PR_HU_EU,EU27_2020,2019,9709.88,
ESTAT:TAG00122(1.0),13/03/24 23:00:00,A,O1910,PR_HU_EU,EU27_2020,2020,11677.04,
ESTAT:TAG00122(1.0),13/03/24 23:00:00,A,O1910,PR_HU_EU,EU27_2020,2021,12192.78,
ESTAT:TAG00122(1.0),13/03/24 23:00:00,A,O1910,PR_HU_EU,EU27_2020,2022,7552.11,
ESTAT:TAG00122(1.0),13/03/24 23:00:00,A,O1910,PR_HU_EU,FI,2013,0.00,
ESTAT:TAG00122(1.0),13/03/24 23:00:00,A,O1910,PR_HU_EU,FI,2014,0.00,
ESTAT:TAG00122(1.0),13/03/24 23:00:00,A,O1910,PR_HU_EU,FI,2015,0.00,
ESTAT:TAG00122(1.0),13/03/24 23:00:00,A,O1910,PR_HU_EU,FI,2016,0.00,
ESTAT:TAG00122(1.0),13/03/24 23:00:00,A,O1910,PR_HU_EU,FI,2017,0.00,
ESTAT:TAG00122(1.0),13/03/24 23:00:00,A,O1910,PR_HU_EU,FI,2018,0.00,
ESTAT:TAG00122(1.0),13/03/24 23:00:00,A,O1910,PR_HU_EU,FI,2019,0.00,
ESTAT:TAG00122(1.0),13/03/24 23:00:00,A,O1910,PR_HU_EU,FI,2020,0.00,
ESTAT:TAG00122(1.0),13/03/24 23:00:00,A,O1910,PR_HU_EU,FI,2021,0.00,
ESTAT:TAG00122(1.0),13/03/24 23:00:00,A,O1910,PR_HU_EU,FI,2022,0.00,
ESTAT:TAG00122(1.0),13/03/24 23:00:00,A,O1910,PR_HU_EU,FI,2023,0.00,
ESTAT:TAG00122(1.0),13/03/24 23:00:00,A,O1910,PR_HU_EU,FI,2024,0.00,
ESTAT:TAG00122(1.0),13/03/24 23:00:00,A,O1910,PR_HU_EU,FR,2013,28.87,
ESTAT:TAG00122(1.0),13/03/24 23:00:00,A,O1910,PR_HU_EU,FR,2014,12.74,e
ESTAT:TAG00122(1.0),13/03/24 23:00:00,A,O1910,PR_HU_EU,FR,2015,33.90,
ESTAT:TAG00122(1.0),13/03/24 23:00:00,A,O1910,PR_HU_EU,FR,2016,26.45,
ESTAT:TAG00122(1.0),13/03/24 23:00:00,A,O1910,PR_HU_EU,FR,2017,21.94,
ESTAT:TAG00122(1.0),13/03/24 23:00:00,A,O1910,PR_HU_EU,FR,2018,25.55,
ESTAT:TAG00122(1.0),13/03/24 23:00:00,A,O1910,PR_HU_EU,FR,2019,23.12,
ESTAT:TAG00122(1.0),13/03/24 23:00:00,A,O1910,PR_HU_EU,FR,2020,26.98,
ESTAT:TAG00122(1.0),13/03/24 23:00:00,A,O1910,PR_HU_EU,FR,2021,26.72,
ESTAT:TAG00122(1.0),13/03/24 23:00:00,A,O1910,PR_HU_EU,FR,2022,21.42,e
ESTAT:TAG00122(1.0),13/03/24 23:00:00,A,O1910,PR_HU_EU,HR,2013,34.27,
ESTAT:TAG00122(1.0),13/03/24 23:00:00,A,O1910,PR_HU_EU,HR,2014,8.84,
ESTAT:TAG00122(1.0),13/03/24 23:00:00,A,O1910,PR_HU_EU,HR,2015,28.27,
ESTAT:TAG00122(1.0),13/03/24 23:00:00,A,O1910,PR_HU_EU,HR,2016,31.18,
ESTAT:TAG00122(1.0),13/03/24 23:00:00,A,O1910,PR_HU_EU,HR,2017,28.95,
ESTAT:TAG00122(1.0),13/03/24 23:00:00,A,O1910,PR_HU_EU,HR,2018,28.42,
ESTAT:TAG00122(1.0),13/03/24 23:00:00,A,O1910,PR_HU_EU,HR,2019,33.22,
ESTAT:TAG00122(1.0),13/03/24 23:00:00,A,O1910,PR_HU_EU,HR,2020,33.23,
ESTAT:TAG00122(1.0),13/03/24 23:00:00,A,O1910,PR_HU_EU,HR,2021,23.87,
ESTAT:TAG00122(1.0),13/03/24 23:00:00,A,O1910,PR_HU_EU,HR,2022,40.13,
ESTAT:TAG00122(1.0),13/03/24 23:00:00,A,O1910,PR_HU_EU,HR,2023,34.00,e
ESTAT:TAG00122(1.0),13/03/24 23:00:00,A,O1910,PR_HU_EU,HU,2013,0.00,
ESTAT:TAG00122(1.0),13/03/24 23:00:00,A,O1910,PR_HU_EU,HU,2014,0.00,n
ESTAT:TAG00122(1.0),13/03/24 23:00:00,A,O1910,PR_HU_EU,HU,2015,0.00,n
ESTAT:TAG00122(1.0),13/03/24 23:00:00,A,O1910,PR_HU_EU,HU,2016,0.00,
ESTAT:TAG00122(1.0),13/03/24 23:00:00,A,O1910,PR_HU_EU,HU,2017,0.00,
ESTAT:TAG00122(1.0),13/03/24 23:00:00,A,O1910,PR_HU_EU,HU,2018,0.00,
ESTAT:TAG00122(1.0),13/03/24 23:00:00,A,O1910,PR_HU_EU,HU,2019,0.00,
ESTAT:TAG00122(1.0),13/03/24 23:00:00,A,O1910,PR_HU_EU,HU,2020,0.00,
ESTAT:TAG00122(1.0),13/03/24 23:00:00,A,O1910,PR_HU_EU,HU,2021,0.00,
ESTAT:TAG00122(1.0),13/03/24 23:00:00,A,O1910,PR_HU_EU,HU,2022,0.00,
ESTAT:TAG00122(1.0),13/03/24 23:00:00,A,O1910,PR_HU_EU,HU,2023,0.00,
ESTAT:TAG00122(1.0),13/03/24 23:00:00,A,O1910,PR_HU_EU,HU,2024,0.00,
ESTAT:TAG00122(1.0),13/03/24 23:00:00,A,O1910,PR_HU_EU,IE,2013,0.00,
ESTAT:TAG00122(1.0),13/03/24 23:00:00,A,O1910,PR_HU_EU,IE,2014,0.00,
ESTAT:TAG00122(1.0),13/03/24 23:00:00,A,O1910,PR_HU_EU,IE,2015,0.00,
ESTAT:TAG00122(1.0),13/03/24 23:00:00,A,O1910,PR_HU_EU,IE,2016,0.00,
ESTAT:TAG00122(1.0),13/03/24 23:00:00,A,O1910,PR_HU_EU,IE,2017,0.00,
ESTAT:TAG00122(1.0),13/03/24 23:00:00,A,O1910,PR_HU_EU,IE,2018,0.00,
ESTAT:TAG00122(1.0),13/03/24 23:00:00,A,O1910,PR_HU_EU,IE,2019,0.00,
ESTAT:TAG00122(1.0),13/03/24 23:00:00,A,O1910,PR_HU_EU,IE,2020,0.00,
ESTAT:TAG00122(1.0),13/03/24 23:00:00,A,O1910,PR_HU_EU,IE,2021,0.00,
ESTAT:TAG00122(1.0),13/03/24 23:00:00,A,O1910,PR_HU_EU,IE,2022,0.00,
ESTAT:TAG00122(1.0),13/03/24 23:00:00,A,O1910,PR_HU_EU,IE,2023,0.00,
ESTAT:TAG00122(1.0),13/03/24 23:00:00,A,O1910,PR_HU_EU,IE,2024,0.00,
ESTAT:TAG00122(1.0),13/03/24 23:00:00,A,O1910,PR_HU_EU,IS,2013,0.00,
ESTAT:TAG00122(1.0),13/03/24 23:00:00,A,O1910,PR_HU_EU,IS,2014,0.00,
ESTAT:TAG00122(1.0),13/03/24 23:00:00,A,O1910,PR_HU_EU,IS,2015,0.00,
ESTAT:TAG00122(1.0),13/03/24 23:00:00,A,O1910,PR_HU_EU,IS,2016,0.00,
ESTAT:TAG00122(1.0),13/03/24 23:00:00,A,O1910,PR_HU_EU,IS,2017,0.00,
ESTAT:TAG00122(1.0),13/03/24 23:00:00,A,O1910,PR_HU_EU,IS,2018,0.00,n
ESTAT:TAG00122(1.0),13/03/24 23:00:00,A,O1910,PR_HU_EU,IS,2019,0.00,n
ESTAT:TAG00122(1.0),13/03/24 23:00:00,A,O1910,PR_HU_EU,IS,2020,0.00,
ESTAT:TAG00122(1.0),13/03/24 23:00:00,A,O1910,PR_HU_EU,IS,2021,0.00,
ESTAT:TAG00122(1.0),13/03/24 23:00:00,A,O1910,PR_HU_EU,IS,2022,0.00,
ESTAT:TAG00122(1.0),13/03/24 23:00:00,A,O1910,PR_HU_EU,IS,2023,0.00,
ESTAT:TAG00122(1.0),13/03/24 23:00:00,A,O1910,PR_HU_EU,IS,2024,0.00,
ESTAT:TAG00122(1.0),13/03/24 23:00:00,A,O1910,PR_HU_EU,IT,2013,2852.70,
ESTAT:TAG00122(1.0),13/03/24 23:00:00,A,O1910,PR_HU_EU,IT,2014,1903.43,
ESTAT:TAG00122(1.0),13/03/24 23:00:00,A,O1910,PR_HU_EU,IT,2016,1944.79,
ESTAT:TAG00122(1.0),13/03/24 23:00:00,A,O1910,PR_HU_EU,IT,2017,2537.61,
ESTAT:TAG00122(1.0),13/03/24 23:00:00,A,O1910,PR_HU_EU,IT,2018,1889.05,
ESTAT:TAG00122(1.0),13/03/24 23:00:00,A,O1910,PR_HU_EU,IT,2019,2118.13,
ESTAT:TAG00122(1.0),13/03/24 23:00:00,A,O1910,PR_HU_EU,IT,2020,2126.16,
ESTAT:TAG00122(1.0),13/03/24 23:00:00,A,O1910,PR_HU_EU,IT,2021,2181.35,
ESTAT:TAG00122(1.0),13/03/24 23:00:00,A,O1910,PR_HU_EU,IT,2022,2073.80,
ESTAT:TAG00122(1.0),13/03/24 23:00:00,A,O1910,PR_HU_EU,LT,2013,0.00,
ESTAT:TAG00122(1.0),13/03/24 23:00:00,A,O1910,PR_HU_EU,LT,2014,0.00,
ESTAT:TAG00122(1.0),13/03/24 23:00:00,A,O1910,PR_HU_EU,LT,2015,0.00,
ESTAT:TAG00122(1.0),13/03/24 23:00:00,A,O1910,PR_HU_EU,LT,2016,0.00,
ESTAT:TAG00122(1.0),13/03/24 23:00:00,A,O1910,PR_HU_EU,LT,2017,0.00,
ESTAT:TAG00122(1.0),13/03/24 23:00:00,A,O1910,PR_HU_EU,LT,2018,0.00,
ESTAT:TAG00122(1.0),13/03/24 23:00:00,A,O1910,PR_HU_EU,LT,2019,0.00,
ESTAT:TAG00122(1.0),13/03/24 23:00:00,A,O1910,PR_HU_EU,LT,2020,0.00,
ESTAT:TAG00122(1.0),13/03/24 23:00:00,A,O1910,PR_HU_EU,LT,2021,0.00,
ESTAT:TAG00122(1.0),13/03/24 23:00:00,A,O1910,PR_HU_EU,LT,2022,0.00,
ESTAT:TAG00122(1.0),13/03/24 23:00:00,A,O1910,PR_HU_EU,LT,2023,0.00,
ESTAT:TAG00122(1.0),13/03/24 23:00:00,A,O1910,PR_HU_EU,LT,2024,0.00,
ESTAT:TAG00122(1.0),13/03/24 23:00:00,A,O1910,PR_HU_EU,LU,2013,0.00,
ESTAT:TAG00122(1.0),13/03/24 23:00:00,A,O1910,PR_HU_EU,LU,2014,0.00,
ESTAT:TAG00122(1.0),13/03/24 23:00:00,A,O1910,PR_HU_EU,LU,2015,0.00,
ESTAT:TAG00122(1.0),13/03/24 23:00:00,A,O1910,PR_HU_EU,LU,2016,0.00,
ESTAT:TAG00122(1.0),13/03/24 23:00:00,A,O1910,PR_HU_EU,LU,2017,0.00,
ESTAT:TAG00122(1.0),13/03/24 23:00:00,A,O1910,PR_HU_EU,LU,2018,0.00,
ESTAT:TAG00122(1.0),13/03/24 23:00:00,A,O1910,PR_HU_EU,LU,2019,0.00,
ESTAT:TAG00122(1.0),13/03/24 23:00:00,A,O1910,PR_HU_EU,LU,2020,0.00,
ESTAT:TAG00122(1.0),13/03/24 23:00:00,A,O1910,PR_HU_EU,LU,2021,0.00,
ESTAT:TAG00122(1.0),13/03/24 23:00:00,A,O1910,PR_HU_EU,LU,2022,0.00,
ESTAT:TAG00122(1.0),13/03/24 23:00:00,A,O1910,PR_HU_EU,LU,2023,0.00,
ESTAT:TAG00122(1.0),13/03/24 23:00:00,A,O1910,PR_HU_EU,LU,2024,0.00,
ESTAT:TAG00122(1.0),13/03/24 23:00:00,A,O1910,PR_HU_EU,LV,2013,0.00,
ESTAT:TAG00122(1.0),13/03/24 23:00:00,A,O1910,PR_HU_EU,LV,2014,0.00,
ESTAT:TAG00122(1.0),13/03/24 23:00:00,A,O1910,PR_HU_EU,LV,2015,0.00,
ESTAT:TAG00122(1.0),13/03/24 23:00:00,A,O1910,PR_HU_EU,LV,2016,0.00,
ESTAT:TAG00122(1.0),13/03/24 23:00:00,A,O1910,PR_HU_EU,LV,2017,0.00,
ESTAT:TAG00122(1.0),13/03/24 23:00:00,A,O1910,PR_HU_EU,LV,2018,0.00,
ESTAT:TAG00122(1.0),13/03/24 23:00:00,A,O1910,PR_HU_EU,LV,2019,0.00,
ESTAT:TAG00122(1.0),13/03/24 23:00:00,A,O1910,PR_HU_EU,LV,2020,0.00,
ESTAT:TAG00122(1.0),13/03/24 23:00:00,A,O1910,PR_HU_EU,LV,2021,0.00,
ESTAT:TAG00122(1.0),13/03/24 23:00:00,A,O1910,PR_HU_EU,LV,2022,0.00,
ESTAT:TAG00122(1.0),13/03/24 23:00:00,A,O1910,PR_HU_EU,LV,2023,0.00,
ESTAT:TAG00122(1.0),13/03/24 23:00:00,A,O1910,PR_HU_EU,LV,2024,0.00,
ESTAT:TAG00122(1.0),13/03/24 23:00:00,A,O1910,PR_HU_EU,ME,2013,0.00,n
ESTAT:TAG00122(1.0),13/03/24 23:00:00,A,O1910,PR_HU_EU,ME,2014,0.00,n
ESTAT:TAG00122(1.0),13/03/24 23:00:00,A,O1910,PR_HU_EU,ME,2015,0.19,
ESTAT:TAG00122(1.0),13/03/24 23:00:00,A,O1910,PR_HU_EU,ME,2016,0.33,p
ESTAT:TAG00122(1.0),13/03/24 23:00:00,A,O1910,PR_HU_EU,ME,2017,0.35,p
ESTAT:TAG00122(1.0),13/03/24 23:00:00,A,O1910,PR_HU_EU,ME,2018,0.25,p
ESTAT:TAG00122(1.0),13/03/24 23:00:00,A,O1910,PR_HU_EU,ME,2019,0.28,p
ESTAT:TAG00122(1.0),13/03/24 23:00:00,A,O1910,PR_HU_EU,ME,2020,0.28,p
ESTAT:TAG00122(1.0),13/03/24 23:00:00,A,O1910,PR_HU_EU,ME,2021,0.38,p
ESTAT:TAG00122(1.0),13/03/24 23:00:00,A,O1910,PR_HU_EU,ME,2022,0.46,p
ESTAT:TAG00122(1.0),13/03/24 23:00:00,A,O1910,PR_HU_EU,MT,2013,0.00,n
ESTAT:TAG00122(1.0),13/03/24 23:00:00,A,O1910,PR_HU_EU,MT,2014,0.00,n
ESTAT:TAG00122(1.0),13/03/24 23:00:00,A,O1910,PR_HU_EU,MT,2015,0.00,n
ESTAT:TAG00122(1.0),13/03/24 23:00:00,A,O1910,PR_HU_EU,MT,2016,0.00,n
ESTAT:TAG00122(1.0),13/03/24 23:00:00,A,O1910,PR_HU_EU,MT,2017,0.00,n
ESTAT:TAG00122(1.0),13/03/24 23:00:00,A,O1910,PR_HU_EU,MT,2018,0.00,n
ESTAT:TAG00122(1.0),13/03/24 23:00:00,A,O1910,PR_HU_EU,MT,2019,0.00,n
ESTAT:TAG00122(1.0),13/03/24 23:00:00,A,O1910,PR_HU_EU,MT,2020,0.00,n
ESTAT:TAG00122(1.0),13/03/24 23:00:00,A,O1910,PR_HU_EU,MT,2021,0.00,n
ESTAT:TAG00122(1.0),13/03/24 23:00:00,A,O1910,PR_HU_EU,MT,2022,0.00,n
ESTAT:TAG00122(1.0),13/03/24 23:00:00,A,O1910,PR_HU_EU,MT,2023,0.00,n
ESTAT:TAG00122(1.0),13/03/24 23:00:00,A,O1910,PR_HU_EU,MT,2024,0.00,n
ESTAT:TAG00122(1.0),13/03/24 23:00:00,A,O1910,PR_HU_EU,NL,2013,0.00,
ESTAT:TAG00122(1.0),13/03/24 23:00:00,A,O1910,PR_HU_EU,NL,2014,0.00,
ESTAT:TAG00122(1.0),13/03/24 23:00:00,A,O1910,PR_HU_EU,NL,2015,0.00,
ESTAT:TAG00122(1.0),13/03/24 23:00:00,A,O1910,PR_HU_EU,NL,2017,0.00,
ESTAT:TAG00122(1.0),13/03/24 23:00:00,A,O1910,PR_HU_EU,NL,2018,0.00,
ESTAT:TAG00122(1.0),13/03/24 23:00:00,A,O1910,PR_HU_EU,NL,2019,0.00,
ESTAT:TAG00122(1.0),13/03/24 23:00:00,A,O1910,PR_HU_EU,NL,2020,0.00,
ESTAT:TAG00122(1.0),13/03/24 23:00:00,A,O1910,PR_HU_EU,NL,2021,0.00,
ESTAT:TAG00122(1.0),13/03/24 23:00:00,A,O1910,PR_HU_EU,NL,2022,0.00,
ESTAT:TAG00122(1.0),13/03/24 23:00:00,A,O1910,PR_HU_EU,NL,2023,0.00,
ESTAT:TAG00122(1.0),13/03/24 23:00:00,A,O1910,PR_HU_EU,NL,2024,0.00,
ESTAT:TAG00122(1.0),13/03/24 23:00:00,A,O1910,PR_HU_EU,NO,2015,0.00,
ESTAT:TAG00122(1.0),13/03/24 23:00:00,A,O1910,PR_HU_EU,NO,2016,0.00,n
ESTAT:TAG00122(1.0),13/03/24 23:00:00,A,O1910,PR_HU_EU,NO,2017,0.00,n
ESTAT:TAG00122(1.0),13/03/24 23:00:00,A,O1910,PR_HU_EU,NO,2018,0.00,n
ESTAT:TAG00122(1.0),13/03/24 23:00:00,A,O1910,PR_HU_EU,NO,2019,0.00,n
ESTAT:TAG00122(1.0),13/03/24 23:00:00,A,O1910,PR_HU_EU,NO,2020,0.00,n
ESTAT:TAG00122(1.0),13/03/24 23:00:00,A,O1910,PR_HU_EU,NO,2022,0.00,
ESTAT:TAG00122(1.0),13/03/24 23:00:00,A,O1910,PR_HU_EU,NO,2023,0.00,
ESTAT:TAG00122(1.0),13/03/24 23:00:00,A,O1910,PR_HU_EU,NO,2024,0.00,
ESTAT:TAG00122(1.0),13/03/24 23:00:00,A,O1910,PR_HU_EU,PL,2013,0.00,
ESTAT:TAG00122(1.0),13/03/24 23:00:00,A,O1910,PR_HU_EU,PL,2014,0.00,
ESTAT:TAG00122(1.0),13/03/24 23:00:00,A,O1910,PR_HU_EU,PL,2015,0.00,
ESTAT:TAG00122(1.0),13/03/24 23:00:00,A,O1910,PR_HU_EU,PL,2016,0.00,
ESTAT:TAG00122(1.0),13/03/24 23:00:00,A,O1910,PR_HU_EU,PL,2017,0.00,
ESTAT:TAG00122(1.0),13/03/24 23:00:00,A,O1910,PR_HU_EU,PL,2018,0.00,
ESTAT:TAG00122(1.0),13/03/24 23:00:00,A,O1910,PR_HU_EU,PL,2019,0.00,
ESTAT:TAG00122(1.0),13/03/24 23:00:00,A,O1910,PR_HU_EU,PL,2020,0.00,
ESTAT:TAG00122(1.0),13/03/24 23:00:00,A,O1910,PR_HU_EU,PL,2021,0.00,
ESTAT:TAG00122(1.0),13/03/24 23:00:00,A,O1910,PR_HU_EU,PL,2022,0.00,
ESTAT:TAG00122(1.0),13/03/24 23:00:00,A,O1910,PR_HU_EU,PL,2023,0.00,
ESTAT:TAG00122(1.0),13/03/24 23:00:00,A,O1910,PR_HU_EU,PL,2024,0.00,
ESTAT:TAG00122(1.0),13/03/24 23:00:00,A,O1910,PR_HU_EU,PT,2013,634.21,
ESTAT:TAG00122(1.0),13/03/24 23:00:00,A,O1910,PR_HU_EU,PT,2014,437.97,
ESTAT:TAG00122(1.0),13/03/24 23:00:00,A,O1910,PR_HU_EU,PT,2015,702.14,
ESTAT:TAG00122(1.0),13/03/24 23:00:00,A,O1910,PR_HU_EU,PT,2016,476.00,
ESTAT:TAG00122(1.0),13/03/24 23:00:00,A,O1910,PR_HU_EU,PT,2017,858.41,
ESTAT:TAG00122(1.0),13/03/24 23:00:00,A,O1910,PR_HU_EU,PT,2018,725.37,
ESTAT:TAG00122(1.0),13/03/24 23:00:00,A,O1910,PR_HU_EU,PT,2019,916.73,
ESTAT:TAG00122(1.0),13/03/24 23:00:00,A,O1910,PR_HU_EU,PT,2020,715.18,
ESTAT:TAG00122(1.0),13/03/24 23:00:00,A,O1910,PR_HU_EU,PT,2021,1350.24,
ESTAT:TAG00122(1.0),13/03/24 23:00:00,A,O1910,PR_HU_EU,PT,2022,774.74,
ESTAT:TAG00122(1.0),13/03/24 23:00:00,A,O1910,PR_HU_EU,PT,2023,890.96,p
ESTAT:TAG00122(1.0),13/03/24 23:00:00,A,O1910,PR_HU_EU,RO,2013,0.00,
ESTAT:TAG00122(1.0),13/03/24 23:00:00,A,O1910,PR_HU_EU,RO,2014,0.00,
ESTAT:TAG00122(1.0),13/03/24 23:00:00,A,O1910,PR_HU_EU,RO,2015,0.00,
ESTAT:TAG00122(1.0),13/03/24 23:00:00,A,O1910,PR_HU_EU,RO,2016,0.00,
ESTAT:TAG00122(1.0),13/03/24 23:00:00,A,O1910,PR_HU_EU,RO,2017,0.00,
ESTAT:TAG00122(1.0),13/03/24 23:00:00,A,O1910,PR_HU_EU,RO,2018,0.00,
ESTAT:TAG00122(1.0),13/03/24 23:00:00,A,O1910,PR_HU_EU,RO,2019,0.00,
ESTAT:TAG00122(1.0),13/03/24 23:00:00,A,O1910,PR_HU_EU,RO,2020,0.00,
ESTAT:TAG00122(1.0),13/03/24 23:00:00,A,O1910,PR_HU_EU,RO,2021,0.00,
ESTAT:TAG00122(1.0),13/03/24 23:00:00,A,O1910,PR_HU_EU,RO,2022,0.00,
ESTAT:TAG00122(1.0),13/03/24 23:00:00,A,O1910,PR_HU_EU,RO,2023,0.00,
ESTAT:TAG00122(1.0),13/03/24 23:00:00,A,O1910,PR_HU_EU,RO,2024,0.00,
ESTAT:TAG00122(1.0),13/03/24 23:00:00,A,O1910,PR_HU_EU,RS,2013,0.00,
ESTAT:TAG00122(1.0),13/03/24 23:00:00,A,O1910,PR_HU_EU,RS,2014,0.00,
ESTAT:TAG00122(1.0),13/03/24 23:00:00,A,O1910,PR_HU_EU,RS,2015,0.00,
ESTAT:TAG00122(1.0),13/03/24 23:00:00,A,O1910,PR_HU_EU,RS,2016,0.00,
ESTAT:TAG00122(1.0),13/03/24 23:00:00,A,O1910,PR_HU_EU,RS,2017,0.00,
ESTAT:TAG00122(1.0),13/03/24 23:00:00,A,O1910,PR_HU_EU,RS,2018,0.00,
ESTAT:TAG00122(1.0),13/03/24 23:00:00,A,O1910,PR_HU_EU,RS,2019,0.00,
ESTAT:TAG00122(1.0),13/03/24 23:00:00,A,O1910,PR_HU_EU,RS,2020,0.00,
ESTAT:TAG00122(1.0),13/03/24 23:00:00,A,O1910,PR_HU_EU,RS,2021,0.00,
ESTAT:TAG00122(1.0),13/03/24 23:00:00,A,O1910,PR_HU_EU,RS,2022,0.00,
ESTAT:TAG00122(1.0),13/03/24 23:00:00,A,O1910,PR_HU_EU,RS,2023,0.00,
ESTAT:TAG00122(1.0),13/03/24 23:00:00,A,O1910,PR_HU_EU,RS,2024,0.00,
ESTAT:TAG00122(1.0),13/03/24 23:00:00,A,O1910,PR_HU_EU,SE,2013,0.00,
ESTAT:TAG00122(1.0),13/03/24 23:00:00,A,O1910,PR_HU_EU,SE,2014,0.00,
ESTAT:TAG00122(1.0),13/03/24 23:00:00,A,O1910,PR_HU_EU,SE,2015,0.00,
ESTAT:TAG00122(1.0),13/03/24 23:00:00,A,O1910,PR_HU_EU,SE,2016,0.00,
ESTAT:TAG00122(1.0),13/03/24 23:00:00,A,O1910,PR_HU_EU,SE,2017,0.00,
ESTAT:TAG00122(1.0),13/03/24 23:00:00,A,O1910,PR_HU_EU,SE,2018,0.00,
ESTAT:TAG00122(1.0),13/03/24 23:00:00,A,O1910,PR_HU_EU,SE,2019,0.00,
ESTAT:TAG00122(1.0),13/03/24 23:00:00,A,O1910,PR_HU_EU,SE,2020,0.00,
ESTAT:TAG00122(1.0),13/03/24 23:00:00,A,O1910,PR_HU_EU,SE,2021,0.00,
ESTAT:TAG00122(1.0),13/03/24 23:00:00,A,O1910,PR_HU_EU,SE,2022,0.00,
ESTAT:TAG00122(1.0),13/03/24 23:00:00,A,O1910,PR_HU_EU,SE,2023,0.00,
ESTAT:TAG00122(1.0),13/03/24 23:00:00,A,O1910,PR_HU_EU,SE,2024,0.00,
ESTAT:TAG00122(1.0),13/03/24 23:00:00,A,O1910,PR_HU_EU,SI,2013,1.48,
ESTAT:TAG00122(1.0),13/03/24 23:00:00,A,O1910,PR_HU_EU,SI,2014,0.81,
ESTAT:TAG00122(1.0),13/03/24 23:00:00,A,O1910,PR_HU_EU,SI,2015,1.58,
ESTAT:TAG00122(1.0),13/03/24 23:00:00,A,O1910,PR_HU_EU,SI,2016,1.66,d
ESTAT:TAG00122(1.0),13/03/24 23:00:00,A,O1910,PR_HU_EU,SI,2017,1.69,d
ESTAT:TAG00122(1.0),13/03/24 23:00:00,A,O1910,PR_HU_EU,SI,2018,3.96,d
ESTAT:TAG00122(1.0),13/03/24 23:00:00,A,O1910,PR_HU_EU,SI,2019,1.98,d
ESTAT:TAG00122(1.0),13/03/24 23:00:00,A,O1910,PR_HU_EU,SI,2020,3.10,d
ESTAT:TAG00122(1.0),13/03/24 23:00:00,A,O1910,PR_HU_EU,SI,2021,0.92,d
ESTAT:TAG00122(1.0),13/03/24 23:00:00,A,O1910,PR_HU_EU,SI,2022,2.44,d
ESTAT:TAG00122(1.0),13/03/24 23:00:00,A,O1910,PR_HU_EU,SK,2013,0.00,
ESTAT:TAG00122(1.0),13/03/24 23:00:00,A,O1910,PR_HU_EU,SK,2014,0.00,
ESTAT:TAG00122(1.0),13/03/24 23:00:00,A,O1910,PR_HU_EU,SK,2015,0.00,
ESTAT:TAG00122(1.0),13/03/24 23:00:00,A,O1910,PR_HU_EU,SK,2016,0.00,
ESTAT:TAG00122(1.0),13/03/24 23:00:00,A,O1910,PR_HU_EU,SK,2017,0.00,
ESTAT:TAG00122(1.0),13/03/24 23:00:00,A,O1910,PR_HU_EU,SK,2018,0.00,
ESTAT:TAG00122(1.0),13/03/24 23:00:00,A,O1910,PR_HU_EU,SK,2019,0.00,
ESTAT:TAG00122(1.0),13/03/24 23:00:00,A,O1910,PR_HU_EU,SK,2020,0.00,
ESTAT:TAG00122(1.0),13/03/24 23:00:00,A,O1910,PR_HU_EU,SK,2021,0.00,
ESTAT:TAG00122(1.0),13/03/24 23:00:00,A,O1910,PR_HU_EU,SK,2022,0.00,
ESTAT:TAG00122(1.0),13/03/24 23:00:00,A,O1910,PR_HU_EU,SK,2023,0.00,
ESTAT:TAG00122(1.0),13/03/24 23:00:00,A,O1910,PR_HU_EU,SK,2024,0.00,
ESTAT:TAG00122(1.0),13/03/24 23:00:00,A,O1910,PR_HU_EU,TR,2013,1286.00,
ESTAT:TAG00122(1.0),13/03/24 23:00:00,A,O1910,PR_HU_EU,TR,2014,1330.00,
ESTAT:TAG00122(1.0),13/03/24 23:00:00,A,O1910,PR_HU_EU,TR,2015,1300.00,
ESTAT:TAG00122(1.0),13/03/24 23:00:00,A,O1910,PR_HU_EU,TR,2016,1300.00,
ESTAT:TAG00122(1.0),13/03/24 23:00:00,A,O1910,PR_HU_EU,TR,2017,1640.00,
ESTAT:TAG00122(1.0),13/03/24 23:00:00,A,O1910,PR_HU_EU,TR,2018,1073.00,
ESTAT:TAG00122(1.0),13/03/24 23:00:00,A,O1910,PR_HU_EU,TR,2019,1110.00,
ESTAT:TAG00122(1.0),13/03/24 23:00:00,A,O1910,PR_HU_EU,TR,2020,803.00,
ESTAT:TAG00122(1.0),13/03/24 23:00:00,A,O1910,PR_HU_EU,TR,2021,1183.00,
ESTAT:TAG00122(1.0),13/03/24 23:00:00,A,O1910,PR_HU_EU,TR,2022,2038.00,
ESTAT:TAG00122(1.0),13/03/24 23:00:00,A,O1910,PR_HU_EU,UK,2013,0.00,
ESTAT:TAG00122(1.0),13/03/24 23:00:00,A,O1910,PR_HU_EU,UK,2014,0.00,
ESTAT:TAG00122(1.0),13/03/24 23:00:00,A,O1910,PR_HU_EU,UK,2015,0.00,
ESTAT:TAG00122(1.0),13/03/24 23:00:00,A,O1910,PR_HU_EU,UK,2016,0.00,
ESTAT:TAG00122(1.0),13/03/24 23:00:00,A,O1910,PR_HU_EU,UK,2017,0.00,
ESTAT:TAG00122(1.0),13/03/24 23:00:00,A,O1910,PR_HU_EU,UK,2018,0.00,
ESTAT:TAG00122(1.0),13/03/24 23:00:00,A,O1910,PR_HU_EU,UK,2019,0.00,
ESTAT:TAG00122(1.0),13/03/24 23:00:00,A,O1910,PR_HU_EU,UK,2020,0.00,
ESTAT:TAG00122(1.0),13/03/24 23:00:00,A,O1910,PR_HU_EU,XK,2018,0.00,
ESTAT:TAG00122(1.0),13/03/24 23:00:00,A,O1910,PR_HU_EU,XK,2019,0.00,
ESTAT:TAG00122(1.0),13/03/24 23:00:00,A,O1910,PR_HU_EU,XK,2020,0.00,
ESTAT:TAG00122(1.0),13/03/24 23:00:00,A,O1910,PR_HU_EU,XK,2021,0.00,
ESTAT:TAG00122(1.0),13/03/24 23:00:00,A,O1910,PR_HU_EU,XK,2022,0.00,
